scenario_id,wall,roof,floor,glazing,airtightness,ventilation,shading,hp_type,hp_capacity_kw,flow_temperature_c,emitter,heat_loss_w_k,annual_heating_demand_kwh,peak_heat_load_kw,seasonal_cop,heat_pump_electricity_kwh,backup_heat_kwh,operational_emissions_kgco2,baseline_oil_emissions_kgco2,emissions_reduction_pct,retrofit_cost_eur,overheating_hours,sequential_penalty_proxy
S46585,deep,deep,improved,triple,deep,mvhr,none,ground_source,6.0,35.0,low_temp_emitters,72.56,6290.8,1.67,4.77,1318.5,0.0,390.3,1971.6,80.2,75000.0,176.5,1.2
S46633,deep,deep,improved,triple,deep,mvhr,external,ground_source,6.0,35.0,low_temp_emitters,72.56,6290.8,1.67,4.77,1318.5,0.0,390.3,1971.6,80.2,77200.0,141.5,1.2
S41401,deep,moderate,improved,triple,deep,mvhr,none,ground_source,6.0,35.0,low_temp_emitters,75.31,6529.2,1.73,4.77,1368.5,0.0,405.1,2046.4,80.2,73000.0,158.5,1.2
S41449,deep,moderate,improved,triple,deep,mvhr,external,ground_source,6.0,35.0,low_temp_emitters,75.31,6529.2,1.73,4.77,1368.5,0.0,405.1,2046.4,80.2,75200.0,123.5,1.2
S41113,deep,moderate,improved,triple,improved,mvhr,none,ground_source,6.0,35.0,low_temp_emitters,79.03,6851.1,1.82,4.77,1435.9,0.0,425.0,2147.2,80.2,71000.0,144.2,1.2
S41161,deep,moderate,improved,triple,improved,mvhr,external,ground_source,6.0,35.0,low_temp_emitters,79.03,6851.1,1.82,4.77,1435.9,0.0,425.0,2147.2,80.2,73200.0,109.2,1.2
S46561,deep,deep,improved,triple,deep,mvhr,none,air_to_water,6.0,35.0,low_temp_emitters,72.56,6290.8,1.67,4.24,1482.9,0.0,438.9,1971.6,77.7,66500.0,176.5,1.2
S46609,deep,deep,improved,triple,deep,mvhr,external,air_to_water,6.0,35.0,low_temp_emitters,72.56,6290.8,1.67,4.24,1482.9,0.0,438.9,1971.6,77.7,68700.0,141.5,1.2
S46009,deep,deep,improved,triple,baseline,mvhr,none,ground_source,6.0,35.0,low_temp_emitters,82.46,7149.1,1.9,4.77,1498.4,0.0,443.5,2240.6,80.2,70500.0,143.2,1.2
S46057,deep,deep,improved,triple,baseline,mvhr,external,ground_source,6.0,35.0,low_temp_emitters,82.46,7149.1,1.9,4.77,1498.4,0.0,443.5,2240.6,80.2,72700.0,108.2,1.2
S41377,deep,moderate,improved,triple,deep,mvhr,none,air_to_water,6.0,35.0,low_temp_emitters,75.31,6529.2,1.73,4.24,1539.1,0.0,455.6,2046.4,77.7,64500.0,158.5,1.2
S41425,deep,moderate,improved,triple,deep,mvhr,external,air_to_water,6.0,35.0,low_temp_emitters,75.31,6529.2,1.73,4.24,1539.1,0.0,455.6,2046.4,77.7,66700.0,123.5,1.2
S40825,deep,moderate,improved,triple,baseline,mvhr,none,ground_source,6.0,35.0,low_temp_emitters,85.21,7387.5,1.96,4.77,1548.3,0.0,458.3,2315.4,80.2,68500.0,125.2,1.2
S40873,deep,moderate,improved,triple,baseline,mvhr,external,ground_source,6.0,35.0,low_temp_emitters,85.21,7387.5,1.96,4.77,1548.3,0.0,458.3,2315.4,80.2,70700.0,90.2,1.2
S41089,deep,moderate,improved,triple,improved,mvhr,none,air_to_water,6.0,35.0,low_temp_emitters,79.03,6851.1,1.82,4.24,1615.0,0.0,478.0,2147.2,77.7,62500.0,144.2,1.2
S41137,deep,moderate,improved,triple,improved,mvhr,external,air_to_water,6.0,35.0,low_temp_emitters,79.03,6851.1,1.82,4.24,1615.0,0.0,478.0,2147.2,77.7,64700.0,109.2,1.2
S40249,deep,moderate,improved,double_low_e,improved,mvhr,none,ground_source,6.0,35.0,low_temp_emitters,89.83,7787.4,2.07,4.77,1632.2,0.0,483.1,2440.7,80.2,67500.0,152.8,1.2
S40297,deep,moderate,improved,double_low_e,improved,mvhr,external,ground_source,6.0,35.0,low_temp_emitters,89.83,7787.4,2.07,4.77,1632.2,0.0,483.1,2440.7,80.2,69700.0,117.8,1.2
S45985,deep,deep,improved,triple,baseline,mvhr,none,air_to_water,6.0,35.0,low_temp_emitters,82.46,7149.1,1.9,4.24,1685.2,0.0,498.8,2240.6,77.7,62000.0,143.2,1.2
S46033,deep,deep,improved,triple,baseline,mvhr,external,air_to_water,6.0,35.0,low_temp_emitters,82.46,7149.1,1.9,4.24,1685.2,0.0,498.8,2240.6,77.7,64200.0,108.2,1.2
S46393,deep,deep,improved,triple,deep,natural,none,ground_source,6.0,35.0,low_temp_emitters,92.77,8043.1,2.13,4.77,1685.8,0.0,499.0,2520.8,80.2,67000.0,181.5,1.2
S45145,deep,deep,improved,double_low_e,baseline,mvhr,none,ground_source,6.0,35.0,low_temp_emitters,93.26,8085.4,2.15,4.77,1694.6,0.0,501.6,2534.1,80.2,67000.0,151.8,1.2
S45193,deep,deep,improved,double_low_e,baseline,mvhr,external,ground_source,6.0,35.0,low_temp_emitters,93.26,8085.4,2.15,4.77,1694.6,0.0,501.6,2534.1,80.2,69200.0,116.8,1.2
S25849,moderate,moderate,improved,triple,deep,mvhr,none,ground_source,6.0,35.0,low_temp_emitters,95.11,8245.8,2.19,4.77,1728.2,0.0,511.6,2584.4,80.2,66000.0,140.5,1.2
S25897,moderate,moderate,improved,triple,deep,mvhr,external,ground_source,6.0,35.0,low_temp_emitters,95.11,8245.8,2.19,4.77,1728.2,0.0,511.6,2584.4,80.2,68200.0,105.5,1.2
S41209,deep,moderate,improved,triple,deep,natural,none,ground_source,6.0,35.0,low_temp_emitters,95.53,8281.6,2.2,4.77,1735.7,0.0,513.8,2595.6,80.2,65000.0,163.5,1.2
S41257,deep,moderate,improved,triple,deep,natural,external,ground_source,6.0,35.0,low_temp_emitters,95.53,8281.6,2.2,4.77,1735.7,0.0,513.8,2595.6,80.2,67200.0,128.5,1.2
S40801,deep,moderate,improved,triple,baseline,mvhr,none,air_to_water,6.0,35.0,low_temp_emitters,85.21,7387.5,1.96,4.24,1741.4,0.0,515.5,2315.4,77.7,60000.0,125.2,1.2
S40849,deep,moderate,improved,triple,baseline,mvhr,external,air_to_water,6.0,35.0,low_temp_emitters,85.21,7387.5,1.96,4.24,1741.4,0.0,515.5,2315.4,77.7,62200.0,90.2,1.2
S39961,deep,moderate,improved,double_low_e,baseline,mvhr,none,ground_source,6.0,35.0,low_temp_emitters,96.01,8323.8,2.21,4.77,1744.6,0.0,516.4,2608.8,80.2,65000.0,133.8,1.2
S40009,deep,moderate,improved,double_low_e,baseline,mvhr,external,ground_source,6.0,35.0,low_temp_emitters,96.01,8323.8,2.21,4.77,1744.6,0.0,516.4,2608.8,80.2,67200.0,98.8,1.2
S25561,moderate,moderate,improved,triple,improved,mvhr,none,ground_source,6.0,35.0,low_temp_emitters,98.83,8567.7,2.27,4.77,1795.7,0.0,531.5,2685.2,80.2,64000.0,126.2,1.2
S25609,moderate,moderate,improved,triple,improved,mvhr,external,ground_source,6.0,35.0,low_temp_emitters,98.83,8567.7,2.27,4.77,1795.7,0.0,531.5,2685.2,80.2,66200.0,91.2,1.2
S40225,deep,moderate,improved,double_low_e,improved,mvhr,none,air_to_water,6.0,35.0,low_temp_emitters,89.83,7787.4,2.07,4.24,1835.7,0.0,543.4,2440.7,77.7,59000.0,152.8,1.2
S40273,deep,moderate,improved,double_low_e,improved,mvhr,external,air_to_water,6.0,35.0,low_temp_emitters,89.83,7787.4,2.07,4.24,1835.7,0.0,543.4,2440.7,77.7,61200.0,117.8,1.2
S35641,deep,baseline,improved,triple,baseline,mvhr,none,ground_source,6.0,35.0,low_temp_emitters,101.16,8770.3,2.33,4.77,1838.2,0.0,544.1,2748.7,80.2,66000.0,107.2,1.2
S35689,deep,baseline,improved,triple,baseline,mvhr,external,ground_source,6.0,35.0,low_temp_emitters,101.16,8770.3,2.33,4.77,1838.2,0.0,544.1,2748.7,80.2,68200.0,72.2,0.6
S30457,moderate,deep,improved,triple,baseline,mvhr,none,ground_source,6.0,35.0,low_temp_emitters,102.26,8865.7,2.35,4.77,1858.2,0.0,550.0,2778.6,80.2,63500.0,125.2,1.2
S30505,moderate,deep,improved,triple,baseline,mvhr,external,ground_source,6.0,35.0,low_temp_emitters,102.26,8865.7,2.35,4.77,1858.2,0.0,550.0,2778.6,80.2,65700.0,90.2,1.2
S46369,deep,deep,improved,triple,deep,natural,none,air_to_water,6.0,35.0,low_temp_emitters,92.77,8043.1,2.13,4.24,1895.9,0.0,561.2,2520.8,77.7,58500.0,181.5,1.2
S45121,deep,deep,improved,double_low_e,baseline,mvhr,none,air_to_water,6.0,35.0,low_temp_emitters,93.26,8085.4,2.15,4.24,1905.9,0.0,564.1,2534.1,77.7,58500.0,151.8,1.2
S45169,deep,deep,improved,double_low_e,baseline,mvhr,external,air_to_water,6.0,35.0,low_temp_emitters,93.26,8085.4,2.15,4.24,1905.9,0.0,564.1,2534.1,77.7,60700.0,116.8,1.2
S25273,moderate,moderate,improved,triple,baseline,mvhr,none,ground_source,6.0,35.0,low_temp_emitters,105.01,9104.1,2.42,4.77,1908.1,0.0,564.8,2853.4,80.2,61500.0,107.2,1.2
S25321,moderate,moderate,improved,triple,baseline,mvhr,external,ground_source,6.0,35.0,low_temp_emitters,105.01,9104.1,2.42,4.77,1908.1,0.0,564.8,2853.4,80.2,63700.0,72.2,0.6
S25825,moderate,moderate,improved,triple,deep,mvhr,none,air_to_water,6.0,35.0,low_temp_emitters,95.11,8245.8,2.19,4.24,1943.7,0.0,575.3,2584.4,77.7,57500.0,140.5,1.2
S25873,moderate,moderate,improved,triple,deep,mvhr,external,air_to_water,6.0,35.0,low_temp_emitters,95.11,8245.8,2.19,4.24,1943.7,0.0,575.3,2584.4,77.7,59700.0,105.5,1.2
S41185,deep,moderate,improved,triple,deep,natural,none,air_to_water,6.0,35.0,low_temp_emitters,95.53,8281.6,2.2,4.24,1952.1,0.0,577.8,2595.6,77.7,56500.0,163.5,1.2
S41233,deep,moderate,improved,triple,deep,natural,external,air_to_water,6.0,35.0,low_temp_emitters,95.53,8281.6,2.2,4.24,1952.1,0.0,577.8,2595.6,77.7,58700.0,128.5,1.2
S39937,deep,moderate,improved,double_low_e,baseline,mvhr,none,air_to_water,6.0,35.0,low_temp_emitters,96.01,8323.8,2.21,4.24,1962.1,0.0,580.8,2608.8,77.7,56500.0,133.8,1.2
S39985,deep,moderate,improved,double_low_e,baseline,mvhr,external,air_to_water,6.0,35.0,low_temp_emitters,96.01,8323.8,2.21,4.24,1962.1,0.0,580.8,2608.8,77.7,58700.0,98.8,1.2
S24697,moderate,moderate,improved,double_low_e,improved,mvhr,none,ground_source,6.0,35.0,low_temp_emitters,109.62,9504.0,2.52,4.77,1991.9,0.0,589.6,2978.7,80.2,60500.0,134.8,1.2
S24745,moderate,moderate,improved,double_low_e,improved,mvhr,external,ground_source,6.0,35.0,low_temp_emitters,109.62,9504.0,2.52,4.77,1991.9,0.0,589.6,2978.7,80.2,62700.0,99.8,1.2
S25537,moderate,moderate,improved,triple,improved,mvhr,none,air_to_water,6.0,35.0,low_temp_emitters,98.83,8567.7,2.27,4.24,2019.6,0.0,597.8,2685.2,77.7,55500.0,126.2,1.2
S25585,moderate,moderate,improved,triple,improved,mvhr,external,air_to_water,6.0,35.0,low_temp_emitters,98.83,8567.7,2.27,4.24,2019.6,0.0,597.8,2685.2,77.7,57700.0,91.2,1.2
S30841,moderate,deep,improved,triple,deep,natural,none,ground_source,6.0,35.0,low_temp_emitters,112.58,9759.7,2.59,4.77,2045.5,0.0,605.5,3058.8,80.2,60000.0,163.5,1.2
S29593,moderate,deep,improved,double_low_e,baseline,mvhr,none,ground_source,6.0,35.0,low_temp_emitters,113.06,9802.0,2.6,4.77,2054.4,0.0,608.1,3072.1,80.2,60000.0,133.8,1.2
S29641,moderate,deep,improved,double_low_e,baseline,mvhr,external,ground_source,6.0,35.0,low_temp_emitters,113.06,9802.0,2.6,4.77,2054.4,0.0,608.1,3072.1,80.2,62200.0,98.8,1.2
S35617,deep,baseline,improved,triple,baseline,mvhr,none,air_to_water,6.0,35.0,low_temp_emitters,101.16,8770.3,2.33,4.24,2067.4,0.0,611.9,2748.7,77.7,57500.0,107.2,1.2
S35665,deep,baseline,improved,triple,baseline,mvhr,external,air_to_water,6.0,35.0,low_temp_emitters,101.16,8770.3,2.33,4.24,2067.4,0.0,611.9,2748.7,77.7,59700.0,72.2,0.6
S30433,moderate,deep,improved,triple,baseline,mvhr,none,air_to_water,6.0,35.0,low_temp_emitters,102.26,8865.7,2.35,4.24,2089.8,0.0,618.6,2778.6,77.7,55000.0,125.2,1.2
S30481,moderate,deep,improved,triple,baseline,mvhr,external,air_to_water,6.0,35.0,low_temp_emitters,102.26,8865.7,2.35,4.24,2089.8,0.0,618.6,2778.6,77.7,57200.0,90.2,1.2
S25657,moderate,moderate,improved,triple,deep,natural,none,ground_source,6.0,35.0,low_temp_emitters,115.33,9998.1,2.65,4.77,2095.5,0.0,620.3,3133.6,80.2,58000.0,145.5,1.2
S25705,moderate,moderate,improved,triple,deep,natural,external,ground_source,6.0,35.0,low_temp_emitters,115.33,9998.1,2.65,4.77,2095.5,0.0,620.3,3133.6,80.2,60200.0,110.5,1.2
S24409,moderate,moderate,improved,double_low_e,baseline,mvhr,none,ground_source,6.0,35.0,low_temp_emitters,115.81,10040.4,2.66,4.77,2104.4,0.0,622.9,3146.8,80.2,58000.0,115.8,1.2
S24457,moderate,moderate,improved,double_low_e,baseline,mvhr,external,ground_source,6.0,35.0,low_temp_emitters,115.81,10040.4,2.66,4.77,2104.4,0.0,622.9,3146.8,80.2,60200.0,80.8,1.2
S25249,moderate,moderate,improved,triple,baseline,mvhr,none,air_to_water,6.0,35.0,low_temp_emitters,105.01,9104.1,2.42,4.24,2146.0,0.0,635.2,2853.4,77.7,53000.0,107.2,1.2
S25297,moderate,moderate,improved,triple,baseline,mvhr,external,air_to_water,6.0,35.0,low_temp_emitters,105.01,9104.1,2.42,4.24,2146.0,0.0,635.2,2853.4,77.7,55200.0,72.2,0.6
S20089,moderate,baseline,improved,triple,baseline,mvhr,none,ground_source,6.0,35.0,low_temp_emitters,120.96,10486.9,2.78,4.77,2197.9,0.0,650.6,3286.7,80.2,59000.0,89.2,1.2
S20137,moderate,baseline,improved,triple,baseline,mvhr,external,ground_source,6.0,35.0,low_temp_emitters,120.96,10486.9,2.78,4.77,2197.9,0.0,650.6,3286.7,80.2,61200.0,54.2,0.6
S39097,deep,moderate,improved,baseline,baseline,mvhr,none,ground_source,6.0,35.0,low_temp_emitters,121.21,10508.5,2.79,4.77,2202.5,0.0,651.9,3293.5,80.2,57500.0,146.5,1.2
S24673,moderate,moderate,improved,double_low_e,improved,mvhr,none,air_to_water,6.0,35.0,low_temp_emitters,109.62,9504.0,2.52,4.24,2240.3,0.0,663.1,2978.7,77.7,52000.0,134.8,1.2
S24721,moderate,moderate,improved,double_low_e,improved,mvhr,external,air_to_water,6.0,35.0,low_temp_emitters,109.62,9504.0,2.52,4.24,2240.3,0.0,663.1,2978.7,77.7,54200.0,99.8,1.2
S29977,moderate,deep,improved,double_low_e,deep,natural,none,ground_source,6.0,35.0,low_temp_emitters,123.38,10696.0,2.84,4.77,2241.8,0.0,663.6,3352.3,80.2,56500.0,172.0,1.2
S22969,moderate,moderate,baseline,triple,improved,mvhr,none,ground_source,6.0,35.0,low_temp_emitters,123.58,10713.4,2.84,4.77,2245.4,0.0,664.6,3357.7,80.2,58500.0,108.2,1.2
S23017,moderate,moderate,baseline,triple,improved,mvhr,external,ground_source,6.0,35.0,low_temp_emitters,123.58,10713.4,2.84,4.77,2245.4,0.0,664.6,3357.7,80.2,60700.0,73.2,0.6
S24793,moderate,moderate,improved,double_low_e,deep,natural,none,ground_source,6.0,35.0,low_temp_emitters,126.12,10934.4,2.9,4.77,2291.7,0.0,678.4,3427.0,80.2,54500.0,154.0,1.2
S24841,moderate,moderate,improved,double_low_e,deep,natural,external,ground_source,6.0,35.0,low_temp_emitters,126.12,10934.4,2.9,4.77,2291.7,0.0,678.4,3427.0,80.2,56700.0,119.0,1.2
S30817,moderate,deep,improved,triple,deep,natural,none,air_to_water,6.0,35.0,low_temp_emitters,112.58,9759.7,2.59,4.24,2300.6,0.0,681.0,3058.8,77.7,51500.0,163.5,1.2
S27865,moderate,deep,baseline,triple,baseline,mvhr,none,ground_source,6.0,35.0,low_temp_emitters,127.01,11011.4,2.92,4.77,2307.9,0.0,683.1,3451.1,80.2,58000.0,107.2,1.2
S27913,moderate,deep,baseline,triple,baseline,mvhr,external,ground_source,6.0,35.0,low_temp_emitters,127.01,11011.4,2.92,4.77,2307.9,0.0,683.1,3451.1,80.2,60200.0,72.2,0.6
S29569,moderate,deep,improved,double_low_e,baseline,mvhr,none,air_to_water,6.0,35.0,low_temp_emitters,113.06,9802.0,2.6,4.24,2310.5,0.0,683.9,3072.1,77.7,51500.0,133.8,1.2
S29617,moderate,deep,improved,double_low_e,baseline,mvhr,external,air_to_water,6.0,35.0,low_temp_emitters,113.06,9802.0,2.6,4.24,2310.5,0.0,683.9,3072.1,77.7,53700.0,98.8,1.2
S25369,moderate,moderate,improved,triple,improved,natural,none,ground_source,6.0,35.0,low_temp_emitters,127.7,11071.0,2.94,4.77,2320.4,0.0,686.8,3469.8,80.2,56000.0,131.2,1.2
S25417,moderate,moderate,improved,triple,improved,natural,external,ground_source,6.0,35.0,low_temp_emitters,127.7,11071.0,2.94,4.77,2320.4,0.0,686.8,3469.8,80.2,58200.0,96.2,1.2
S25633,moderate,moderate,improved,triple,deep,natural,none,air_to_water,6.0,35.0,low_temp_emitters,115.33,9998.1,2.65,4.24,2356.8,0.0,697.6,3133.6,77.7,49500.0,145.5,1.2
S25681,moderate,moderate,improved,triple,deep,natural,external,air_to_water,6.0,35.0,low_temp_emitters,115.33,9998.1,2.65,4.24,2356.8,0.0,697.6,3133.6,77.7,51700.0,110.5,1.2
S22681,moderate,moderate,baseline,triple,baseline,mvhr,none,ground_source,6.0,35.0,low_temp_emitters,129.76,11249.8,2.98,4.77,2357.8,0.0,697.9,3525.8,80.2,56000.0,89.2,1.2
S22729,moderate,moderate,baseline,triple,baseline,mvhr,external,ground_source,6.0,35.0,low_temp_emitters,129.76,11249.8,2.98,4.77,2357.8,0.0,697.9,3525.8,80.2,58200.0,54.2,0.6
S24385,moderate,moderate,improved,double_low_e,baseline,mvhr,none,air_to_water,6.0,35.0,low_temp_emitters,115.81,10040.4,2.66,4.24,2366.7,0.0,700.6,3146.8,77.7,49500.0,115.8,1.2
S24433,moderate,moderate,improved,double_low_e,baseline,mvhr,external,air_to_water,6.0,35.0,low_temp_emitters,115.81,10040.4,2.66,4.24,2366.7,0.0,700.6,3146.8,77.7,51700.0,80.8,1.2
S20473,moderate,baseline,improved,triple,deep,natural,none,ground_source,6.0,35.0,low_temp_emitters,131.28,11380.9,3.02,4.77,2385.3,0.0,706.1,3566.9,80.2,55500.0,127.5,1.2
S39481,deep,moderate,improved,baseline,deep,natural,none,ground_source,6.0,35.0,low_temp_emitters,131.53,11402.6,3.03,4.77,2389.9,0.0,707.4,3573.7,80.2,54000.0,184.8,1.2
S19225,moderate,baseline,improved,double_low_e,baseline,mvhr,none,ground_source,6.0,35.0,low_temp_emitters,131.76,11423.2,3.03,4.77,2394.2,0.0,708.7,3580.2,80.2,55500.0,97.8,1.2
S19273,moderate,baseline,improved,double_low_e,baseline,mvhr,external,ground_source,6.0,35.0,low_temp_emitters,131.76,11423.2,3.03,4.77,2394.2,0.0,708.7,3580.2,80.2,57700.0,62.8,0.6
S22105,moderate,moderate,baseline,double_low_e,improved,mvhr,none,ground_source,6.0,35.0,low_temp_emitters,134.38,11649.7,3.09,4.77,2441.7,0.0,722.7,3651.2,80.2,55000.0,116.8,1.2
S22153,moderate,moderate,baseline,double_low_e,improved,mvhr,external,ground_source,6.0,35.0,low_temp_emitters,134.38,11649.7,3.09,4.77,2441.7,0.0,722.7,3651.2,80.2,57200.0,81.8,1.2
S23833,moderate,moderate,improved,baseline,improved,mvhr,none,ground_source,6.0,35.0,low_temp_emitters,134.82,11688.7,3.1,4.77,2449.8,0.0,725.1,3663.4,80.2,53000.0,147.5,1.2
S23881,moderate,moderate,improved,baseline,improved,mvhr,external,ground_source,6.0,35.0,low_temp_emitters,134.82,11688.7,3.1,4.77,2449.8,0.0,725.1,3663.4,80.2,55200.0,112.5,1.2
S20065,moderate,baseline,improved,triple,baseline,mvhr,none,air_to_water,6.0,35.0,low_temp_emitters,120.96,10486.9,2.78,4.24,2472.0,0.0,731.7,3286.7,77.7,50500.0,89.2,1.2
S20113,moderate,baseline,improved,triple,baseline,mvhr,external,air_to_water,6.0,35.0,low_temp_emitters,120.96,10486.9,2.78,4.24,2472.0,0.0,731.7,3286.7,77.7,52700.0,54.2,0.6
S39073,deep,moderate,improved,baseline,baseline,mvhr,none,air_to_water,6.0,35.0,low_temp_emitters,121.21,10508.5,2.79,4.24,2477.1,0.0,733.2,3293.5,77.7,49000.0,146.5,1.2
S28249,moderate,deep,baseline,triple,deep,natural,none,ground_source,6.0,35.0,low_temp_emitters,137.32,11905.4,3.16,4.77,2495.3,0.0,738.6,3731.3,80.2,54500.0,145.5,1.2
S27001,moderate,deep,baseline,double_low_e,baseline,mvhr,none,ground_source,6.0,35.0,low_temp_emitters,137.81,11947.7,3.17,4.77,2504.1,0.0,741.2,3744.6,80.2,54500.0,115.8,1.2
S27049,moderate,deep,baseline,double_low_e,baseline,mvhr,external,ground_source,6.0,35.0,low_temp_emitters,137.81,11947.7,3.17,4.77,2504.1,0.0,741.2,3744.6,80.2,56700.0,80.8,1.2
S28729,moderate,deep,improved,baseline,baseline,mvhr,none,ground_source,6.0,35.0,low_temp_emitters,138.26,11986.7,3.18,4.77,2512.3,0.0,743.6,3756.8,80.2,52500.0,146.5,1.2
S28777,moderate,deep,improved,baseline,baseline,mvhr,external,ground_source,6.0,35.0,low_temp_emitters,138.26,11986.7,3.18,4.77,2512.3,0.0,743.6,3756.8,80.2,54700.0,111.5,1.2
S24505,moderate,moderate,improved,double_low_e,improved,natural,none,ground_source,6.0,35.0,low_temp_emitters,138.5,12007.3,3.19,4.77,2516.6,0.0,744.9,3763.3,80.2,52500.0,139.8,1.2
S24553,moderate,moderate,improved,double_low_e,improved,natural,external,ground_source,6.0,35.0,low_temp_emitters,138.5,12007.3,3.19,4.77,2516.6,0.0,744.9,3763.3,80.2,54700.0,104.8,1.2
S29953,moderate,deep,improved,double_low_e,deep,natural,none,air_to_water,6.0,35.0,low_temp_emitters,123.38,10696.0,2.84,4.24,2521.3,0.0,746.3,3352.3,77.7,48000.0,172.0,1.2
S22945,moderate,moderate,baseline,triple,improved,mvhr,none,air_to_water,6.0,35.0,low_temp_emitters,123.58,10713.4,2.84,4.24,2525.4,0.0,747.5,3357.7,77.7,50000.0,108.2,1.2
S22993,moderate,moderate,baseline,triple,improved,mvhr,external,air_to_water,6.0,35.0,low_temp_emitters,123.58,10713.4,2.84,4.24,2525.4,0.0,747.5,3357.7,77.7,52200.0,73.2,0.6
S23065,moderate,moderate,baseline,triple,deep,natural,none,ground_source,6.0,35.0,low_temp_emitters,140.07,12143.8,3.22,4.77,2545.2,0.0,753.4,3806.1,80.2,52500.0,127.5,1.2
S23113,moderate,moderate,baseline,triple,deep,natural,external,ground_source,6.0,35.0,low_temp_emitters,140.07,12143.8,3.22,4.77,2545.2,0.0,753.4,3806.1,80.2,54700.0,92.5,1.2
S21817,moderate,moderate,baseline,double_low_e,baseline,mvhr,none,ground_source,6.0,35.0,low_temp_emitters,140.56,12186.1,3.23,4.77,2554.1,0.0,756.0,3819.3,80.2,52500.0,97.8,1.2
S21865,moderate,moderate,baseline,double_low_e,baseline,mvhr,external,ground_source,6.0,35.0,low_temp_emitters,140.56,12186.1,3.23,4.77,2554.1,0.0,756.0,3819.3,80.2,54700.0,62.8,0.6
S23545,moderate,moderate,improved,baseline,baseline,mvhr,none,ground_source,6.0,35.0,low_temp_emitters,141.01,12225.1,3.24,4.77,2562.3,0.0,758.4,3831.5,80.2,50500.0,128.5,1.2
S23593,moderate,moderate,improved,baseline,baseline,mvhr,external,ground_source,6.0,35.0,low_temp_emitters,141.01,12225.1,3.24,4.77,2562.3,0.0,758.4,3831.5,80.2,52700.0,93.5,1.2
S24769,moderate,moderate,improved,double_low_e,deep,natural,none,air_to_water,6.0,35.0,low_temp_emitters,126.12,10934.4,2.9,4.24,2577.5,0.0,762.9,3427.0,77.7,46000.0,154.0,1.2
S24817,moderate,moderate,improved,double_low_e,deep,natural,external,air_to_water,6.0,35.0,low_temp_emitters,126.12,10934.4,2.9,4.24,2577.5,0.0,762.9,3427.0,77.7,48200.0,119.0,1.2
S27841,moderate,deep,baseline,triple,baseline,mvhr,none,air_to_water,6.0,35.0,low_temp_emitters,127.01,11011.4,2.92,4.24,2595.6,0.0,768.3,3451.1,77.7,49500.0,107.2,1.2
S27889,moderate,deep,baseline,triple,baseline,mvhr,external,air_to_water,6.0,35.0,low_temp_emitters,127.01,11011.4,2.92,4.24,2595.6,0.0,768.3,3451.1,77.7,51700.0,72.2,0.6
S25345,moderate,moderate,improved,triple,improved,natural,none,air_to_water,6.0,35.0,low_temp_emitters,127.7,11071.0,2.94,4.24,2609.7,0.0,772.5,3469.8,77.7,47500.0,131.2,1.2
S25393,moderate,moderate,improved,triple,improved,natural,external,air_to_water,6.0,35.0,low_temp_emitters,127.7,11071.0,2.94,4.24,2609.7,0.0,772.5,3469.8,77.7,49700.0,96.2,1.2
S17497,moderate,baseline,baseline,triple,baseline,mvhr,none,ground_source,6.0,35.0,low_temp_emitters,145.71,12632.6,3.35,4.77,2647.7,0.0,783.7,3959.2,80.2,53500.0,71.2,0.6
S17545,moderate,baseline,baseline,triple,baseline,mvhr,external,ground_source,6.0,35.0,low_temp_emitters,145.71,12632.6,3.35,4.77,2647.7,0.0,783.7,3959.2,80.2,55700.0,36.2,0.6
S22657,moderate,moderate,baseline,triple,baseline,mvhr,none,air_to_water,6.0,35.0,low_temp_emitters,129.76,11249.8,2.98,4.24,2651.8,0.0,784.9,3525.8,77.7,47500.0,89.2,1.2
S22705,moderate,moderate,baseline,triple,baseline,mvhr,external,air_to_water,6.0,35.0,low_temp_emitters,129.76,11249.8,2.98,4.24,2651.8,0.0,784.9,3525.8,77.7,49700.0,54.2,0.6
S20449,moderate,baseline,improved,triple,deep,natural,none,air_to_water,6.0,35.0,low_temp_emitters,131.28,11380.9,3.02,4.24,2682.7,0.0,794.1,3566.9,77.7,47000.0,127.5,1.2
S39457,deep,moderate,improved,baseline,deep,natural,none,air_to_water,6.0,35.0,low_temp_emitters,131.53,11402.6,3.03,4.24,2687.8,0.0,795.6,3573.7,77.7,45500.0,184.8,1.2
S19201,moderate,baseline,improved,double_low_e,baseline,mvhr,none,air_to_water,6.0,35.0,low_temp_emitters,131.76,11423.2,3.03,4.24,2692.7,0.0,797.0,3580.2,77.7,47000.0,97.8,1.2
S19249,moderate,baseline,improved,double_low_e,baseline,mvhr,external,air_to_water,6.0,35.0,low_temp_emitters,131.76,11423.2,3.03,4.24,2692.7,0.0,797.0,3580.2,77.7,49200.0,62.8,0.6
S29113,moderate,deep,improved,baseline,deep,natural,none,ground_source,6.0,35.0,low_temp_emitters,148.57,12880.7,3.42,4.77,2699.7,0.0,799.1,4037.0,80.2,49000.0,184.8,1.2
S22201,moderate,moderate,baseline,double_low_e,deep,natural,none,ground_source,6.0,35.0,low_temp_emitters,150.88,13080.1,3.47,4.77,2741.5,0.0,811.5,4099.5,80.2,49000.0,136.0,1.2
S22249,moderate,moderate,baseline,double_low_e,deep,natural,external,ground_source,6.0,35.0,low_temp_emitters,150.88,13080.1,3.47,4.77,2741.5,0.0,811.5,4099.5,80.2,51200.0,101.0,1.2
S22081,moderate,moderate,baseline,double_low_e,improved,mvhr,none,air_to_water,6.0,35.0,low_temp_emitters,134.38,11649.7,3.09,4.24,2746.1,0.0,812.8,3651.2,77.7,46500.0,116.8,1.2
S22129,moderate,moderate,baseline,double_low_e,improved,mvhr,external,air_to_water,6.0,35.0,low_temp_emitters,134.38,11649.7,3.09,4.24,2746.1,0.0,812.8,3651.2,77.7,48700.0,81.8,1.2
S23929,moderate,moderate,improved,baseline,deep,natural,none,ground_source,6.0,35.0,low_temp_emitters,151.32,13119.2,3.48,4.77,2749.6,0.0,813.9,4111.7,80.2,47000.0,166.8,1.2
S23977,moderate,moderate,improved,baseline,deep,natural,external,ground_source,6.0,35.0,low_temp_emitters,151.32,13119.2,3.48,4.77,2749.6,0.0,813.9,4111.7,80.2,49200.0,131.8,1.2
S23809,moderate,moderate,improved,baseline,improved,mvhr,none,air_to_water,6.0,35.0,low_temp_emitters,134.82,11688.7,3.1,4.24,2755.3,0.0,815.6,3663.4,77.7,44500.0,147.5,1.2
S23857,moderate,moderate,improved,baseline,improved,mvhr,external,air_to_water,6.0,35.0,low_temp_emitters,134.82,11688.7,3.1,4.24,2755.3,0.0,815.6,3663.4,77.7,46700.0,112.5,1.2
S22777,moderate,moderate,baseline,triple,improved,natural,none,ground_source,6.0,35.0,low_temp_emitters,152.45,13216.7,3.51,4.77,2770.1,0.0,819.9,4142.3,80.2,50500.0,113.2,1.2
S22825,moderate,moderate,baseline,triple,improved,natural,external,ground_source,6.0,35.0,low_temp_emitters,152.45,13216.7,3.51,4.77,2770.1,0.0,819.9,4142.3,80.2,52700.0,78.2,0.6
S28225,moderate,deep,baseline,triple,deep,natural,none,air_to_water,6.0,35.0,low_temp_emitters,137.32,11905.4,3.16,4.24,2806.4,0.0,830.7,3731.3,77.7,46000.0,145.5,1.2
S19321,moderate,baseline,improved,double_low_e,improved,natural,none,ground_source,6.0,35.0,low_temp_emitters,154.45,13390.1,3.55,4.77,2806.4,0.0,830.7,4196.6,80.2,50000.0,121.8,1.2
S19369,moderate,baseline,improved,double_low_e,improved,natural,external,ground_source,6.0,35.0,low_temp_emitters,154.45,13390.1,3.55,4.77,2806.4,0.0,830.7,4196.6,80.2,52200.0,86.8,1.2
S26977,moderate,deep,baseline,double_low_e,baseline,mvhr,none,air_to_water,6.0,35.0,low_temp_emitters,137.81,11947.7,3.17,4.24,2816.3,0.0,833.6,3744.6,77.7,46000.0,115.8,1.2
S27025,moderate,deep,baseline,double_low_e,baseline,mvhr,external,air_to_water,6.0,35.0,low_temp_emitters,137.81,11947.7,3.17,4.24,2816.3,0.0,833.6,3744.6,77.7,48200.0,80.8,1.2
S28705,moderate,deep,improved,baseline,baseline,mvhr,none,air_to_water,6.0,35.0,low_temp_emitters,138.26,11986.7,3.18,4.24,2825.5,0.0,836.4,3756.8,77.7,44000.0,146.5,1.2
S28753,moderate,deep,improved,baseline,baseline,mvhr,external,air_to_water,6.0,35.0,low_temp_emitters,138.26,11986.7,3.18,4.24,2825.5,0.0,836.4,3756.8,77.7,46200.0,111.5,1.2
S24481,moderate,moderate,improved,double_low_e,improved,natural,none,air_to_water,6.0,35.0,low_temp_emitters,138.5,12007.3,3.19,4.24,2830.4,0.0,837.8,3763.3,77.7,44000.0,139.8,1.2
S24529,moderate,moderate,improved,double_low_e,improved,natural,external,air_to_water,6.0,35.0,low_temp_emitters,138.5,12007.3,3.19,4.24,2830.4,0.0,837.8,3763.3,77.7,46200.0,104.8,1.2
S17881,moderate,baseline,baseline,triple,deep,natural,none,ground_source,6.0,35.0,low_temp_emitters,156.03,13526.6,3.59,4.77,2835.0,0.0,839.2,4239.4,80.2,50000.0,109.5,1.2
S17929,moderate,baseline,baseline,triple,deep,natural,external,ground_source,6.0,35.0,low_temp_emitters,156.03,13526.6,3.59,4.77,2835.0,0.0,839.2,4239.4,80.2,52200.0,74.5,0.6
S16633,moderate,baseline,baseline,double_low_e,baseline,mvhr,none,ground_source,6.0,35.0,low_temp_emitters,156.51,13568.9,3.6,4.77,2843.9,0.0,841.8,4252.7,80.2,50000.0,79.8,0.6
S16681,moderate,baseline,baseline,double_low_e,baseline,mvhr,external,ground_source,6.0,35.0,low_temp_emitters,156.51,13568.9,3.6,4.77,2843.9,0.0,841.8,4252.7,80.2,52200.0,44.8,0.6
S18361,moderate,baseline,improved,baseline,baseline,mvhr,none,ground_source,6.0,35.0,low_temp_emitters,156.96,13607.9,3.61,4.77,2852.1,0.0,844.2,4264.9,80.2,48000.0,110.5,1.2
S18409,moderate,baseline,improved,baseline,baseline,mvhr,external,ground_source,6.0,35.0,low_temp_emitters,156.96,13607.9,3.61,4.77,2852.1,0.0,844.2,4264.9,80.2,50200.0,75.5,0.6
S23041,moderate,moderate,baseline,triple,deep,natural,none,air_to_water,6.0,35.0,low_temp_emitters,140.07,12143.8,3.22,4.24,2862.6,0.0,847.3,3806.1,77.7,44000.0,127.5,1.2
S23089,moderate,moderate,baseline,triple,deep,natural,external,air_to_water,6.0,35.0,low_temp_emitters,140.07,12143.8,3.22,4.24,2862.6,0.0,847.3,3806.1,77.7,46200.0,92.5,1.2
S21793,moderate,moderate,baseline,double_low_e,baseline,mvhr,none,air_to_water,6.0,35.0,low_temp_emitters,140.56,12186.1,3.23,4.24,2872.5,0.0,850.3,3819.3,77.7,44000.0,97.8,1.2
S21841,moderate,moderate,baseline,double_low_e,baseline,mvhr,external,air_to_water,6.0,35.0,low_temp_emitters,140.56,12186.1,3.23,4.24,2872.5,0.0,850.3,3819.3,77.7,46200.0,62.8,0.6
S23521,moderate,moderate,improved,baseline,baseline,mvhr,none,air_to_water,6.0,35.0,low_temp_emitters,141.01,12225.1,3.24,4.24,2881.7,0.0,853.0,3831.5,77.7,42000.0,128.5,1.2
S23569,moderate,moderate,improved,baseline,baseline,mvhr,external,air_to_water,6.0,35.0,low_temp_emitters,141.01,12225.1,3.24,4.24,2881.7,0.0,853.0,3831.5,77.7,44200.0,93.5,1.2
S21241,moderate,moderate,baseline,baseline,improved,mvhr,none,ground_source,6.0,35.0,low_temp_emitters,159.57,13834.4,3.67,4.77,2899.5,0.0,858.3,4335.9,80.2,47500.0,129.5,1.2
S21289,moderate,moderate,baseline,baseline,improved,mvhr,external,ground_source,6.0,35.0,low_temp_emitters,159.57,13834.4,3.67,4.77,2899.5,0.0,858.3,4335.9,80.2,49700.0,94.5,1.2
S26137,moderate,deep,baseline,baseline,baseline,mvhr,none,ground_source,6.0,35.0,low_temp_emitters,163.01,14132.4,3.75,4.77,2962.0,0.0,876.8,4429.3,80.2,47000.0,128.5,1.2
S26185,moderate,deep,baseline,baseline,baseline,mvhr,external,ground_source,6.0,35.0,low_temp_emitters,163.01,14132.4,3.75,4.77,2962.0,0.0,876.8,4429.3,80.2,49200.0,93.5,1.2
S21913,moderate,moderate,baseline,double_low_e,improved,natural,none,ground_source,6.0,35.0,low_temp_emitters,163.25,14153.0,3.75,4.77,2966.3,0.0,878.0,4435.8,80.2,47000.0,121.8,0.6
S21961,moderate,moderate,baseline,double_low_e,improved,natural,external,ground_source,6.0,35.0,low_temp_emitters,163.25,14153.0,3.75,4.77,2966.3,0.0,878.0,4435.8,80.2,49200.0,86.8,0.6
S23641,moderate,moderate,improved,baseline,improved,natural,none,ground_source,6.0,35.0,low_temp_emitters,163.7,14192.0,3.77,4.77,2974.5,0.0,880.5,4448.0,80.2,45000.0,152.5,0.6
S23689,moderate,moderate,improved,baseline,improved,natural,external,ground_source,6.0,35.0,low_temp_emitters,163.7,14192.0,3.77,4.77,2974.5,0.0,880.5,4448.0,80.2,47200.0,117.5,0.6
S17473,moderate,baseline,baseline,triple,baseline,mvhr,none,air_to_water,6.0,35.0,low_temp_emitters,145.71,12632.6,3.35,4.24,2977.8,0.0,881.4,3959.2,77.7,45000.0,71.2,0.6
S17521,moderate,baseline,baseline,triple,baseline,mvhr,external,air_to_water,6.0,35.0,low_temp_emitters,145.71,12632.6,3.35,4.24,2977.8,0.0,881.4,3959.2,77.7,47200.0,36.2,0.6
S20953,moderate,moderate,baseline,baseline,baseline,mvhr,none,ground_source,6.0,35.0,low_temp_emitters,165.76,14370.8,3.81,4.77,3012.0,0.0,891.5,4504.0,80.2,45000.0,110.5,0.6
S21001,moderate,moderate,baseline,baseline,baseline,mvhr,external,ground_source,6.0,35.0,low_temp_emitters,165.76,14370.8,3.81,4.77,3012.0,0.0,891.5,4504.0,80.2,47200.0,75.5,0.0
S17161,moderate,baseline,baseline,double_low_e,deep,mev,external,ground_source,6.0,35.0,low_temp_emitters,166.82,14462.9,3.84,4.77,3031.3,0.0,897.3,4532.9,80.2,51200.0,73.0,0.0
S29089,moderate,deep,improved,baseline,deep,natural,none,air_to_water,6.0,35.0,low_temp_emitters,148.57,12880.7,3.42,4.24,3036.3,0.0,898.7,4037.0,77.7,40500.0,184.8,1.2
S18745,moderate,baseline,improved,baseline,deep,natural,none,ground_source,6.0,35.0,low_temp_emitters,167.28,14501.9,3.85,4.77,3039.5,0.0,899.7,4545.1,80.2,44500.0,148.8,0.6
S17641,moderate,baseline,baseline,triple,improved,natural,external,ground_source,6.0,35.0,low_temp_emitters,168.4,14599.5,3.87,4.77,3059.9,0.0,905.7,4575.7,80.2,50200.0,60.2,0.0
S22177,moderate,moderate,baseline,double_low_e,deep,natural,none,air_to_water,6.0,35.0,low_temp_emitters,150.88,13080.1,3.47,4.24,3083.3,0.0,912.7,4099.5,77.7,40500.0,136.0,1.2
S22225,moderate,moderate,baseline,double_low_e,deep,natural,external,air_to_water,6.0,35.0,low_temp_emitters,150.88,13080.1,3.47,4.24,3083.3,0.0,912.7,4099.5,77.7,42700.0,101.0,1.2
S23905,moderate,moderate,improved,baseline,deep,natural,none,air_to_water,6.0,35.0,low_temp_emitters,151.32,13119.2,3.48,4.24,3092.5,0.0,915.4,4111.7,77.7,38500.0,166.8,1.2
S23953,moderate,moderate,improved,baseline,deep,natural,external,air_to_water,6.0,35.0,low_temp_emitters,151.32,13119.2,3.48,4.24,3092.5,0.0,915.4,4111.7,77.7,40700.0,131.8,1.2
S22753,moderate,moderate,baseline,triple,improved,natural,none,air_to_water,6.0,35.0,low_temp_emitters,152.45,13216.7,3.51,4.24,3115.5,0.0,922.2,4142.3,77.7,42000.0,113.2,1.2
S22801,moderate,moderate,baseline,triple,improved,natural,external,air_to_water,6.0,35.0,low_temp_emitters,152.45,13216.7,3.51,4.24,3115.5,0.0,922.2,4142.3,77.7,44200.0,78.2,0.6
S22537,moderate,moderate,baseline,triple,baseline,natural,external,ground_source,6.0,35.0,low_temp_emitters,173.07,15004.8,3.98,4.77,3144.9,0.0,930.9,4702.7,80.2,50200.0,59.2,0.0
S26521,moderate,deep,baseline,baseline,deep,natural,none,ground_source,6.0,35.0,low_temp_emitters,173.32,15026.4,3.99,4.77,3149.4,0.0,932.2,4709.5,80.2,43500.0,166.8,0.6
S19297,moderate,baseline,improved,double_low_e,improved,natural,none,air_to_water,6.0,35.0,low_temp_emitters,154.45,13390.1,3.55,4.24,3156.3,0.0,934.3,4196.6,77.7,41500.0,121.8,1.2
S19345,moderate,baseline,improved,double_low_e,improved,natural,external,air_to_water,6.0,35.0,low_temp_emitters,154.45,13390.1,3.55,4.24,3156.3,0.0,934.3,4196.6,77.7,43700.0,86.8,1.2
S19081,moderate,baseline,improved,double_low_e,baseline,natural,external,ground_source,6.0,35.0,low_temp_emitters,175.07,15178.2,4.03,4.77,3181.2,0.0,941.6,4757.1,80.2,49700.0,67.8,0.0
S17857,moderate,baseline,baseline,triple,deep,natural,none,air_to_water,6.0,35.0,low_temp_emitters,156.03,13526.6,3.59,4.24,3188.5,0.0,943.8,4239.4,77.7,41500.0,109.5,1.2
S17905,moderate,baseline,baseline,triple,deep,natural,external,air_to_water,6.0,35.0,low_temp_emitters,156.03,13526.6,3.59,4.24,3188.5,0.0,943.8,4239.4,77.7,43700.0,74.5,0.6
S16609,moderate,baseline,baseline,double_low_e,baseline,mvhr,none,air_to_water,6.0,35.0,low_temp_emitters,156.51,13568.9,3.6,4.24,3198.5,0.0,946.8,4252.7,77.7,41500.0,79.8,0.6
S16657,moderate,baseline,baseline,double_low_e,baseline,mvhr,external,air_to_water,6.0,35.0,low_temp_emitters,156.51,13568.9,3.6,4.24,3198.5,0.0,946.8,4252.7,77.7,43700.0,44.8,0.6
S21337,moderate,moderate,baseline,baseline,deep,natural,none,ground_source,6.0,35.0,low_temp_emitters,176.07,15264.9,4.05,4.77,3199.4,0.0,947.0,4784.2,80.2,41500.0,148.8,0.6
S21385,moderate,moderate,baseline,baseline,deep,natural,external,ground_source,6.0,35.0,low_temp_emitters,176.07,15264.9,4.05,4.77,3199.4,0.0,947.0,4784.2,80.2,43700.0,113.8,0.6
S21481,moderate,moderate,baseline,baseline,deep,mev,external,ground_source,6.0,35.0,low_temp_emitters,176.07,15264.9,4.05,4.77,3199.4,0.0,947.0,4784.2,80.2,46200.0,103.8,0.6
S18337,moderate,baseline,improved,baseline,baseline,mvhr,none,air_to_water,6.0,35.0,low_temp_emitters,156.96,13607.9,3.61,4.24,3207.7,0.0,949.5,4264.9,77.7,39500.0,110.5,1.2
S18385,moderate,baseline,improved,baseline,baseline,mvhr,external,air_to_water,6.0,35.0,low_temp_emitters,156.96,13607.9,3.61,4.24,3207.7,0.0,949.5,4264.9,77.7,41700.0,75.5,0.6
S16729,moderate,baseline,baseline,double_low_e,improved,natural,none,ground_source,6.0,35.0,low_temp_emitters,179.2,15535.8,4.12,4.77,3256.1,0.0,963.8,4869.1,80.2,44500.0,103.8,0.6
S16777,moderate,baseline,baseline,double_low_e,improved,natural,external,ground_source,6.0,35.0,low_temp_emitters,179.2,15535.8,4.12,4.77,3256.1,0.0,963.8,4869.1,80.2,46700.0,68.8,0.0
S16873,moderate,baseline,baseline,double_low_e,improved,mev,external,ground_source,6.0,35.0,low_temp_emitters,179.2,15535.8,4.12,4.77,3256.1,0.0,963.8,4869.1,80.2,49200.0,58.8,0.0
S21217,moderate,moderate,baseline,baseline,improved,mvhr,none,air_to_water,6.0,35.0,low_temp_emitters,159.57,13834.4,3.67,4.24,3261.1,0.0,965.3,4335.9,77.7,39000.0,129.5,1.2
S21265,moderate,moderate,baseline,baseline,improved,mvhr,external,air_to_water,6.0,35.0,low_temp_emitters,159.57,13834.4,3.67,4.24,3261.1,0.0,965.3,4335.9,77.7,41200.0,94.5,1.2
S18457,moderate,baseline,improved,baseline,improved,natural,none,ground_source,6.0,35.0,low_temp_emitters,179.65,15574.8,4.13,4.77,3264.3,0.0,966.2,4881.4,80.2,42500.0,134.5,0.6
S18505,moderate,baseline,improved,baseline,improved,natural,external,ground_source,6.0,35.0,low_temp_emitters,179.65,15574.8,4.13,4.77,3264.3,0.0,966.2,4881.4,80.2,44700.0,99.5,0.6
S04585,baseline,baseline,improved,triple,baseline,mvhr,external,ground_source,6.0,35.0,low_temp_emitters,181.46,15731.9,4.17,4.77,3297.3,0.0,976.0,4930.6,80.2,52200.0,36.2,0.0
S15769,moderate,baseline,baseline,baseline,baseline,mvhr,none,ground_source,6.0,35.0,low_temp_emitters,181.71,15753.6,4.18,4.77,3301.8,0.0,977.3,4937.4,80.2,42500.0,92.5,0.6
S15817,moderate,baseline,baseline,baseline,baseline,mvhr,external,ground_source,6.0,35.0,low_temp_emitters,181.71,15753.6,4.18,4.77,3301.8,0.0,977.3,4937.4,80.2,44700.0,57.5,0.0
S26113,moderate,deep,baseline,baseline,baseline,mvhr,none,air_to_water,6.0,35.0,low_temp_emitters,163.01,14132.4,3.75,4.24,3331.3,0.0,986.1,4429.3,77.7,38500.0,128.5,1.2
S26161,moderate,deep,baseline,baseline,baseline,mvhr,external,air_to_water,6.0,35.0,low_temp_emitters,163.01,14132.4,3.75,4.24,3331.3,0.0,986.1,4429.3,77.7,40700.0,93.5,1.2
S21889,moderate,moderate,baseline,double_low_e,improved,natural,none,air_to_water,6.0,35.0,low_temp_emitters,163.25,14153.0,3.75,4.24,3336.2,0.0,987.5,4435.8,77.7,38500.0,121.8,0.6
S21937,moderate,moderate,baseline,double_low_e,improved,natural,external,air_to_water,6.0,35.0,low_temp_emitters,163.25,14153.0,3.75,4.24,3336.2,0.0,987.5,4435.8,77.7,40700.0,86.8,0.6
S07465,baseline,moderate,baseline,triple,improved,mvhr,external,ground_source,6.0,35.0,low_temp_emitters,184.08,15958.4,4.23,4.77,3344.7,0.0,990.0,5001.6,80.2,51700.0,55.2,0.0
S23617,moderate,moderate,improved,baseline,improved,natural,none,air_to_water,6.0,35.0,low_temp_emitters,163.7,14192.0,3.77,4.24,3345.4,0.0,990.2,4448.0,77.7,36500.0,152.5,0.6
S23665,moderate,moderate,improved,baseline,improved,natural,external,air_to_water,6.0,35.0,low_temp_emitters,163.7,14192.0,3.77,4.24,3345.4,0.0,990.2,4448.0,77.7,38700.0,117.5,0.6
S20929,moderate,moderate,baseline,baseline,baseline,mvhr,none,air_to_water,6.0,35.0,low_temp_emitters,165.76,14370.8,3.81,4.24,3387.5,0.0,1002.7,4504.0,77.7,36500.0,110.5,0.6
S20977,moderate,moderate,baseline,baseline,baseline,mvhr,external,air_to_water,6.0,35.0,low_temp_emitters,165.76,14370.8,3.81,4.24,3387.5,0.0,1002.7,4504.0,77.7,38700.0,75.5,0.0
S12361,baseline,deep,baseline,triple,baseline,mvhr,external,ground_source,6.0,35.0,low_temp_emitters,187.51,16256.4,4.31,4.77,3407.2,0.0,1008.5,5095.0,80.2,51200.0,54.2,0.0
S17137,moderate,baseline,baseline,double_low_e,deep,mev,external,air_to_water,6.0,35.0,low_temp_emitters,166.82,14462.9,3.84,4.24,3409.2,0.0,1009.1,4532.9,77.7,42700.0,73.0,0.0
S18721,moderate,baseline,improved,baseline,deep,natural,none,air_to_water,6.0,35.0,low_temp_emitters,167.28,14501.9,3.85,4.24,3418.4,0.0,1011.9,4545.1,77.7,36000.0,148.8,0.6
S21049,moderate,moderate,baseline,baseline,improved,natural,none,ground_source,6.0,35.0,low_temp_emitters,188.45,16337.7,4.33,4.77,3424.2,0.0,1013.6,5120.5,80.2,39500.0,134.5,0.6
S21097,moderate,moderate,baseline,baseline,improved,natural,external,ground_source,6.0,35.0,low_temp_emitters,188.45,16337.7,4.33,4.77,3424.2,0.0,1013.6,5120.5,80.2,41700.0,99.5,0.6
S21193,moderate,moderate,baseline,baseline,improved,mev,external,ground_source,6.0,35.0,low_temp_emitters,188.45,16337.7,4.33,4.77,3424.2,0.0,1013.6,5120.5,80.2,44200.0,89.5,0.6
S17353,moderate,baseline,baseline,triple,baseline,natural,external,ground_source,6.0,35.0,low_temp_emitters,189.03,16387.6,4.35,4.77,3434.7,0.0,1016.7,5136.1,80.2,47700.0,41.2,0.0
S17449,moderate,baseline,baseline,triple,baseline,mev,external,ground_source,6.0,35.0,low_temp_emitters,189.03,16387.6,4.35,4.77,3434.7,0.0,1016.7,5136.1,80.2,50200.0,31.2,0.0
S17617,moderate,baseline,baseline,triple,improved,natural,external,air_to_water,6.0,35.0,low_temp_emitters,168.4,14599.5,3.87,4.24,3441.4,0.0,1018.7,4575.7,77.7,41700.0,60.2,0.0
S07177,baseline,moderate,baseline,triple,baseline,mvhr,external,ground_source,6.0,35.0,low_temp_emitters,190.26,16494.8,4.38,4.77,3457.2,0.0,1023.3,5169.7,80.2,49200.0,36.2,0.0
S16153,moderate,baseline,baseline,baseline,deep,natural,none,ground_source,6.0,35.0,low_temp_emitters,192.03,16647.6,4.42,4.77,3489.2,0.0,1032.8,5217.6,80.2,39000.0,130.8,0.6
S16201,moderate,baseline,baseline,baseline,deep,natural,external,ground_source,6.0,35.0,low_temp_emitters,192.03,16647.6,4.42,4.77,3489.2,0.0,1032.8,5217.6,80.2,41200.0,95.8,0.6
S16297,moderate,baseline,baseline,baseline,deep,mev,external,ground_source,6.0,35.0,low_temp_emitters,192.03,16647.6,4.42,4.77,3489.2,0.0,1032.8,5217.6,80.2,43700.0,85.8,0.6
S22513,moderate,moderate,baseline,triple,baseline,natural,external,air_to_water,6.0,35.0,low_temp_emitters,173.07,15004.8,3.98,4.24,3537.0,0.0,1046.9,4702.7,77.7,41700.0,59.2,0.0
S26497,moderate,deep,baseline,baseline,deep,natural,none,air_to_water,6.0,35.0,low_temp_emitters,173.32,15026.4,3.99,4.24,3542.1,0.0,1048.5,4709.5,77.7,35000.0,166.8,0.6
S19057,moderate,baseline,improved,double_low_e,baseline,natural,external,air_to_water,6.0,35.0,low_temp_emitters,175.07,15178.2,4.03,4.24,3577.8,0.0,1059.0,4757.1,77.7,41200.0,67.8,0.0
S21313,moderate,moderate,baseline,baseline,deep,natural,none,air_to_water,6.0,35.0,low_temp_emitters,176.07,15264.9,4.05,4.24,3598.3,0.0,1065.1,4784.2,77.7,33000.0,148.8,0.6
S21361,moderate,moderate,baseline,baseline,deep,natural,external,air_to_water,6.0,35.0,low_temp_emitters,176.07,15264.9,4.05,4.24,3598.3,0.0,1065.1,4784.2,77.7,35200.0,113.8,0.6
S21457,moderate,moderate,baseline,baseline,deep,mev,external,air_to_water,6.0,35.0,low_temp_emitters,176.07,15264.9,4.05,4.24,3598.3,0.0,1065.1,4784.2,77.7,37700.0,103.8,0.6
S16441,moderate,baseline,baseline,double_low_e,baseline,natural,none,ground_source,6.0,35.0,low_temp_emitters,199.82,17323.9,4.6,4.77,3630.9,0.0,1074.7,5429.6,80.2,42000.0,84.8,0.6
S16489,moderate,baseline,baseline,double_low_e,baseline,natural,external,ground_source,6.0,35.0,low_temp_emitters,199.82,17323.9,4.6,4.77,3630.9,0.0,1074.7,5429.6,80.2,44200.0,49.8,0.0
S16585,moderate,baseline,baseline,double_low_e,baseline,mev,external,ground_source,6.0,35.0,low_temp_emitters,199.82,17323.9,4.6,4.77,3630.9,0.0,1074.7,5429.6,80.2,46700.0,39.8,0.0
S18169,moderate,baseline,improved,baseline,baseline,natural,none,ground_source,6.0,35.0,low_temp_emitters,200.28,17362.9,4.61,4.77,3639.1,0.0,1077.2,5441.8,80.2,40000.0,115.5,0.6
S18217,moderate,baseline,improved,baseline,baseline,natural,external,ground_source,6.0,35.0,low_temp_emitters,200.28,17362.9,4.61,4.77,3639.1,0.0,1077.2,5441.8,80.2,42200.0,80.5,0.6
S06265,baseline,moderate,baseline,double_low_e,baseline,mvhr,none,ground_source,6.0,35.0,low_temp_emitters,201.06,17431.2,4.62,4.77,3653.4,0.0,1081.4,5463.2,80.2,43500.0,79.8,0.0
S06313,baseline,moderate,baseline,double_low_e,baseline,mvhr,external,ground_source,6.0,35.0,low_temp_emitters,201.06,17431.2,4.62,4.77,3653.4,0.0,1081.4,5463.2,80.2,45700.0,44.8,0.0
S08041,baseline,moderate,improved,baseline,baseline,mvhr,external,ground_source,6.0,35.0,low_temp_emitters,201.51,17470.2,4.63,4.77,3661.6,0.0,1083.8,5475.4,80.2,43700.0,75.5,0.0
S16705,moderate,baseline,baseline,double_low_e,improved,natural,none,air_to_water,6.0,35.0,low_temp_emitters,179.2,15535.8,4.12,4.24,3662.1,0.0,1084.0,4869.1,77.7,36000.0,103.8,0.6
S16753,moderate,baseline,baseline,double_low_e,improved,natural,external,air_to_water,6.0,35.0,low_temp_emitters,179.2,15535.8,4.12,4.24,3662.1,0.0,1084.0,4869.1,77.7,38200.0,68.8,0.0
S16849,moderate,baseline,baseline,double_low_e,improved,mev,external,air_to_water,6.0,35.0,low_temp_emitters,179.2,15535.8,4.12,4.24,3662.1,0.0,1084.0,4869.1,77.7,40700.0,58.8,0.0
S18433,moderate,baseline,improved,baseline,improved,natural,none,air_to_water,6.0,35.0,low_temp_emitters,179.65,15574.8,4.13,4.24,3671.3,0.0,1086.7,4881.4,77.7,34000.0,134.5,0.6
S18481,moderate,baseline,improved,baseline,improved,natural,external,air_to_water,6.0,35.0,low_temp_emitters,179.65,15574.8,4.13,4.24,3671.3,0.0,1086.7,4881.4,77.7,36200.0,99.5,0.6
S04561,baseline,baseline,improved,triple,baseline,mvhr,external,air_to_water,6.0,35.0,low_temp_emitters,181.46,15731.9,4.17,4.24,3708.4,0.0,1097.7,4930.6,77.7,43700.0,36.2,0.0
S15745,moderate,baseline,baseline,baseline,baseline,mvhr,none,air_to_water,6.0,35.0,low_temp_emitters,181.71,15753.6,4.18,4.24,3713.5,0.0,1099.2,4937.4,77.7,34000.0,92.5,0.6
S15793,moderate,baseline,baseline,baseline,baseline,mvhr,external,air_to_water,6.0,35.0,low_temp_emitters,181.71,15753.6,4.18,4.24,3713.5,0.0,1099.2,4937.4,77.7,36200.0,57.5,0.0
S15865,moderate,baseline,baseline,baseline,improved,natural,none,ground_source,6.0,35.0,low_temp_emitters,204.4,17720.5,4.7,4.77,3714.0,0.0,1099.4,5553.9,80.2,37000.0,116.5,0.6
S15913,moderate,baseline,baseline,baseline,improved,natural,external,ground_source,6.0,35.0,low_temp_emitters,204.4,17720.5,4.7,4.77,3714.0,0.0,1099.4,5553.9,80.2,39200.0,81.5,0.6
S16009,moderate,baseline,baseline,baseline,improved,mev,external,ground_source,6.0,35.0,low_temp_emitters,204.4,17720.5,4.7,4.77,3714.0,0.0,1099.4,5553.9,80.2,41700.0,71.5,0.0
S01993,baseline,baseline,baseline,triple,baseline,mvhr,external,ground_source,6.0,35.0,low_temp_emitters,206.21,17877.6,4.74,4.77,3747.0,0.0,1109.1,5603.1,80.2,46700.0,18.2,0.0
S07441,baseline,moderate,baseline,triple,improved,mvhr,external,air_to_water,6.0,35.0,low_temp_emitters,184.08,15958.4,4.23,4.24,3761.8,0.0,1113.5,5001.6,77.7,43200.0,55.2,0.0
S20761,moderate,moderate,baseline,baseline,baseline,natural,none,ground_source,6.0,35.0,low_temp_emitters,209.07,18125.8,4.81,4.77,3799.0,0.0,1124.5,5680.9,80.2,37000.0,115.5,0.6
S20809,moderate,moderate,baseline,baseline,baseline,natural,external,ground_source,6.0,35.0,low_temp_emitters,209.07,18125.8,4.81,4.77,3799.0,0.0,1124.5,5680.9,80.2,39200.0,80.5,0.6
S20905,moderate,moderate,baseline,baseline,baseline,mev,external,ground_source,6.0,35.0,low_temp_emitters,209.07,18125.8,4.81,4.77,3799.0,0.0,1124.5,5680.9,80.2,41700.0,70.5,0.0
S17522,moderate,baseline,baseline,triple,baseline,mvhr,external,air_to_water,6.0,45.0,oversized_radiators,145.71,12632.6,3.35,3.3,3826.2,0.0,1132.5,3959.2,71.4,43200.0,36.2,0.6
S12337,baseline,deep,baseline,triple,baseline,mvhr,external,air_to_water,6.0,35.0,low_temp_emitters,187.51,16256.4,4.31,4.24,3832.0,0.0,1134.3,5095.0,77.7,42700.0,54.2,0.0
S21025,moderate,moderate,baseline,baseline,improved,natural,none,air_to_water,6.0,35.0,low_temp_emitters,188.45,16337.7,4.33,4.24,3851.2,0.0,1139.9,5120.5,77.7,31000.0,134.5,0.6
S21073,moderate,moderate,baseline,baseline,improved,natural,external,air_to_water,6.0,35.0,low_temp_emitters,188.45,16337.7,4.33,4.24,3851.2,0.0,1139.9,5120.5,77.7,33200.0,99.5,0.6
S21169,moderate,moderate,baseline,baseline,improved,mev,external,air_to_water,6.0,35.0,low_temp_emitters,188.45,16337.7,4.33,4.24,3851.2,0.0,1139.9,5120.5,77.7,35700.0,89.5,0.6
S17329,moderate,baseline,baseline,triple,baseline,natural,external,air_to_water,6.0,35.0,low_temp_emitters,189.03,16387.6,4.35,4.24,3862.9,0.0,1143.4,5136.1,77.7,39200.0,41.2,0.0
S17425,moderate,baseline,baseline,triple,baseline,mev,external,air_to_water,6.0,35.0,low_temp_emitters,189.03,16387.6,4.35,4.24,3862.9,0.0,1143.4,5136.1,77.7,41700.0,31.2,0.0
S07273,baseline,moderate,baseline,triple,improved,natural,external,ground_source,6.0,35.0,low_temp_emitters,212.95,18461.7,4.9,4.77,3869.4,0.0,1145.3,5786.2,80.2,43700.0,60.2,0.0
S07153,baseline,moderate,baseline,triple,baseline,mvhr,external,air_to_water,6.0,35.0,low_temp_emitters,190.26,16494.8,4.38,4.24,3888.2,0.0,1150.9,5169.7,77.7,40700.0,36.2,0.0
S03817,baseline,baseline,improved,double_low_e,improved,natural,external,ground_source,6.0,35.0,low_temp_emitters,214.95,18635.1,4.94,4.77,3905.7,0.0,1156.1,5840.5,80.2,43200.0,68.8,0.0
S16129,moderate,baseline,baseline,baseline,deep,natural,none,air_to_water,6.0,35.0,low_temp_emitters,192.03,16647.6,4.42,4.24,3924.2,0.0,1161.6,5217.6,77.7,30500.0,130.8,0.6
S16177,moderate,baseline,baseline,baseline,deep,natural,external,air_to_water,6.0,35.0,low_temp_emitters,192.03,16647.6,4.42,4.24,3924.2,0.0,1161.6,5217.6,77.7,32700.0,95.8,0.6
S16273,moderate,baseline,baseline,baseline,deep,mev,external,air_to_water,6.0,35.0,low_temp_emitters,192.03,16647.6,4.42,4.24,3924.2,0.0,1161.6,5217.6,77.7,35200.0,85.8,0.6
S02377,baseline,baseline,baseline,triple,deep,natural,external,ground_source,6.0,35.0,low_temp_emitters,216.53,18771.7,4.98,4.77,3934.4,0.0,1164.6,5883.3,80.2,43200.0,56.5,0.0
S01081,baseline,baseline,baseline,double_low_e,baseline,mvhr,none,ground_source,6.0,35.0,low_temp_emitters,217.01,18813.9,4.99,4.77,3943.2,0.0,1167.2,5896.6,80.2,41000.0,61.8,0.0
S01129,baseline,baseline,baseline,double_low_e,baseline,mvhr,external,ground_source,6.0,35.0,low_temp_emitters,217.01,18813.9,4.99,4.77,3943.2,0.0,1167.2,5896.6,80.2,43200.0,26.8,0.0
S02809,baseline,baseline,improved,baseline,baseline,mvhr,none,ground_source,6.0,35.0,low_temp_emitters,217.46,18853.0,5.0,4.77,3951.4,0.0,1169.6,5908.8,80.2,39000.0,92.5,0.6
S02857,baseline,baseline,improved,baseline,baseline,mvhr,external,ground_source,6.0,35.0,low_temp_emitters,217.46,18853.0,5.0,4.77,3951.4,0.0,1169.6,5908.8,80.2,41200.0,57.5,0.0
S05689,baseline,moderate,baseline,baseline,improved,mvhr,none,ground_source,6.0,35.0,low_temp_emitters,220.08,19079.4,5.06,4.77,3998.9,0.0,1183.7,5979.8,80.2,38500.0,111.5,0.6
S05737,baseline,moderate,baseline,baseline,improved,mvhr,external,ground_source,6.0,35.0,low_temp_emitters,220.08,19079.4,5.06,4.77,3998.9,0.0,1183.7,5979.8,80.2,40700.0,76.5,0.0
S10585,baseline,deep,baseline,baseline,baseline,mvhr,none,ground_source,6.0,35.0,low_temp_emitters,223.51,19377.5,5.14,4.77,4061.3,0.0,1202.2,6073.2,80.2,38000.0,110.5,0.6
S10633,baseline,deep,baseline,baseline,baseline,mvhr,external,ground_source,6.0,35.0,low_temp_emitters,223.51,19377.5,5.14,4.77,4061.3,0.0,1202.2,6073.2,80.2,40200.0,75.5,0.0
S06361,baseline,moderate,baseline,double_low_e,improved,natural,none,ground_source,6.0,35.0,low_temp_emitters,223.75,19398.1,5.15,4.77,4065.6,0.0,1203.4,6079.6,80.2,38000.0,103.8,0.6
S06409,baseline,moderate,baseline,double_low_e,improved,natural,external,ground_source,6.0,35.0,low_temp_emitters,223.75,19398.1,5.15,4.77,4065.6,0.0,1203.4,6079.6,80.2,40200.0,68.8,0.0
S08089,baseline,moderate,improved,baseline,improved,natural,none,ground_source,6.0,35.0,low_temp_emitters,224.2,19437.1,5.16,4.77,4073.8,0.0,1205.8,6091.9,80.2,36000.0,134.5,0.6
S08137,baseline,moderate,improved,baseline,improved,natural,external,ground_source,6.0,35.0,low_temp_emitters,224.2,19437.1,5.16,4.77,4073.8,0.0,1205.8,6091.9,80.2,38200.0,99.5,0.6
S16417,moderate,baseline,baseline,double_low_e,baseline,natural,none,air_to_water,6.0,35.0,low_temp_emitters,199.82,17323.9,4.6,4.24,4083.6,0.0,1208.8,5429.6,77.7,33500.0,84.8,0.6
S16465,moderate,baseline,baseline,double_low_e,baseline,natural,external,air_to_water,6.0,35.0,low_temp_emitters,199.82,17323.9,4.6,4.24,4083.6,0.0,1208.8,5429.6,77.7,35700.0,49.8,0.0
S16561,moderate,baseline,baseline,double_low_e,baseline,mev,external,air_to_water,6.0,35.0,low_temp_emitters,199.82,17323.9,4.6,4.24,4083.6,0.0,1208.8,5429.6,77.7,38200.0,39.8,0.0
S15577,moderate,baseline,baseline,baseline,baseline,natural,none,ground_source,6.0,35.0,low_temp_emitters,225.03,19508.6,5.18,4.77,4088.8,0.0,1210.3,6114.3,80.2,34500.0,97.5,0.6
S15625,moderate,baseline,baseline,baseline,baseline,natural,external,ground_source,6.0,35.0,low_temp_emitters,225.03,19508.6,5.18,4.77,4088.8,0.0,1210.3,6114.3,80.2,36700.0,62.5,0.0
S15721,moderate,baseline,baseline,baseline,baseline,mev,external,ground_source,6.0,35.0,low_temp_emitters,225.03,19508.6,5.18,4.77,4088.8,0.0,1210.3,6114.3,80.2,39200.0,52.5,0.0
S18145,moderate,baseline,improved,baseline,baseline,natural,none,air_to_water,6.0,35.0,low_temp_emitters,200.28,17362.9,4.61,4.24,4092.8,0.0,1211.5,5441.8,77.7,31500.0,115.5,0.6
S18193,moderate,baseline,improved,baseline,baseline,natural,external,air_to_water,6.0,35.0,low_temp_emitters,200.28,17362.9,4.61,4.24,4092.8,0.0,1211.5,5441.8,77.7,33700.0,80.5,0.6
S06241,baseline,moderate,baseline,double_low_e,baseline,mvhr,none,air_to_water,6.0,35.0,low_temp_emitters,201.06,17431.2,4.62,4.24,4108.9,0.0,1216.2,5463.2,77.7,35000.0,79.8,0.0
S06289,baseline,moderate,baseline,double_low_e,baseline,mvhr,external,air_to_water,6.0,35.0,low_temp_emitters,201.06,17431.2,4.62,4.24,4108.9,0.0,1216.2,5463.2,77.7,37200.0,44.8,0.0
S05401,baseline,moderate,baseline,baseline,baseline,mvhr,none,ground_source,6.0,35.0,low_temp_emitters,226.26,19615.9,5.2,4.77,4111.3,0.0,1216.9,6147.9,80.2,36000.0,92.5,0.6
S05449,baseline,moderate,baseline,baseline,baseline,mvhr,external,ground_source,6.0,35.0,low_temp_emitters,226.26,19615.9,5.2,4.77,4111.3,0.0,1216.9,6147.9,80.2,38200.0,57.5,0.0
S08017,baseline,moderate,improved,baseline,baseline,mvhr,external,air_to_water,6.0,35.0,low_temp_emitters,201.51,17470.2,4.63,4.24,4118.1,0.0,1219.0,5475.4,77.7,35200.0,75.5,0.0
S02089,baseline,baseline,baseline,triple,improved,natural,external,ground_source,6.0,35.0,low_temp_emitters,228.9,19844.5,5.26,4.77,4159.2,0.0,1231.1,6219.6,80.2,41200.0,42.2,0.0
S15841,moderate,baseline,baseline,baseline,improved,natural,none,air_to_water,6.0,35.0,low_temp_emitters,204.4,17720.5,4.7,4.24,4177.1,0.0,1236.4,5553.9,77.7,28500.0,116.5,0.6
S15889,moderate,baseline,baseline,baseline,improved,natural,external,air_to_water,6.0,35.0,low_temp_emitters,204.4,17720.5,4.7,4.24,4177.1,0.0,1236.4,5553.9,77.7,30700.0,81.5,0.6
S15985,moderate,baseline,baseline,baseline,improved,mev,external,air_to_water,6.0,35.0,low_temp_emitters,204.4,17720.5,4.7,4.24,4177.1,0.0,1236.4,5553.9,77.7,33200.0,71.5,0.0
S01969,baseline,baseline,baseline,triple,baseline,mvhr,external,air_to_water,6.0,35.0,low_temp_emitters,206.21,17877.6,4.74,4.24,4214.2,0.0,1247.4,5603.1,77.7,38200.0,18.2,0.0
S06985,baseline,moderate,baseline,triple,baseline,natural,external,ground_source,6.0,35.0,low_temp_emitters,233.58,20249.8,5.37,4.77,4244.2,0.0,1256.3,6346.6,80.2,41200.0,41.2,0.0
S20737,moderate,moderate,baseline,baseline,baseline,natural,none,air_to_water,6.0,35.0,low_temp_emitters,209.07,18125.8,4.81,4.24,4272.7,0.0,1264.7,5680.9,77.7,28500.0,115.5,0.6
S20785,moderate,moderate,baseline,baseline,baseline,natural,external,air_to_water,6.0,35.0,low_temp_emitters,209.07,18125.8,4.81,4.24,4272.7,0.0,1264.7,5680.9,77.7,30700.0,80.5,0.6
S20881,moderate,moderate,baseline,baseline,baseline,mev,external,air_to_water,6.0,35.0,low_temp_emitters,209.07,18125.8,4.81,4.24,4272.7,0.0,1264.7,5680.9,77.7,33200.0,70.5,0.0
S03529,baseline,baseline,improved,double_low_e,baseline,natural,external,ground_source,6.0,35.0,low_temp_emitters,235.57,20423.2,5.42,4.77,4280.5,0.0,1267.0,6400.9,80.2,40700.0,49.8,0.0
S05785,baseline,moderate,baseline,baseline,deep,natural,none,ground_source,6.0,35.0,low_temp_emitters,236.58,20509.9,5.44,4.77,4298.7,0.0,1272.4,6428.1,80.2,32500.0,130.8,0.6
S05833,baseline,moderate,baseline,baseline,deep,natural,external,ground_source,6.0,35.0,low_temp_emitters,236.58,20509.9,5.44,4.77,4298.7,0.0,1272.4,6428.1,80.2,34700.0,95.8,0.6
S07249,baseline,moderate,baseline,triple,improved,natural,external,air_to_water,6.0,35.0,low_temp_emitters,212.95,18461.7,4.9,4.24,4351.8,0.0,1288.1,5786.2,77.7,35200.0,60.2,0.0
S01177,baseline,baseline,baseline,double_low_e,improved,natural,none,ground_source,6.0,35.0,low_temp_emitters,239.7,20780.8,5.51,4.77,4355.5,0.0,1289.2,6513.0,80.2,35500.0,85.8,0.6
S01225,baseline,baseline,baseline,double_low_e,improved,natural,external,ground_source,6.0,35.0,low_temp_emitters,239.7,20780.8,5.51,4.77,4355.5,0.0,1289.2,6513.0,80.2,37700.0,50.8,0.0
S01321,baseline,baseline,baseline,double_low_e,improved,mev,external,ground_source,6.0,35.0,low_temp_emitters,239.7,20780.8,5.51,4.77,4355.5,0.0,1289.2,6513.0,80.2,40200.0,40.8,0.0
S02905,baseline,baseline,improved,baseline,improved,natural,none,ground_source,6.0,35.0,low_temp_emitters,240.15,20819.9,5.52,4.77,4363.6,0.0,1291.6,6525.2,80.2,33500.0,116.5,0.6
S02953,baseline,baseline,improved,baseline,improved,natural,external,ground_source,6.0,35.0,low_temp_emitters,240.15,20819.9,5.52,4.77,4363.6,0.0,1291.6,6525.2,80.2,35700.0,81.5,0.6
S03793,baseline,baseline,improved,double_low_e,improved,natural,external,air_to_water,6.0,35.0,low_temp_emitters,214.95,18635.1,4.94,4.24,4392.7,0.0,1300.2,5840.5,77.7,34700.0,68.8,0.0
S00217,baseline,baseline,baseline,baseline,baseline,mvhr,none,ground_source,6.0,35.0,low_temp_emitters,242.21,20998.7,5.57,4.77,4401.1,0.0,1302.7,6581.3,80.2,33500.0,74.5,0.0
S00265,baseline,baseline,baseline,baseline,baseline,mvhr,external,ground_source,6.0,35.0,low_temp_emitters,242.21,20998.7,5.57,4.77,4401.1,0.0,1302.7,6581.3,80.2,35700.0,39.5,0.0
S02353,baseline,baseline,baseline,triple,deep,natural,external,air_to_water,6.0,35.0,low_temp_emitters,216.53,18771.7,4.98,4.24,4424.9,0.0,1309.8,5883.3,77.7,34700.0,56.5,0.0
S01057,baseline,baseline,baseline,double_low_e,baseline,mvhr,none,air_to_water,6.0,35.0,low_temp_emitters,217.01,18813.9,4.99,4.24,4434.9,0.0,1312.7,5896.6,77.7,32500.0,61.8,0.0
S01105,baseline,baseline,baseline,double_low_e,baseline,mvhr,external,air_to_water,6.0,35.0,low_temp_emitters,217.01,18813.9,4.99,4.24,4434.9,0.0,1312.7,5896.6,77.7,34700.0,26.8,0.0
S02785,baseline,baseline,improved,baseline,baseline,mvhr,none,air_to_water,6.0,35.0,low_temp_emitters,217.46,18853.0,5.0,4.24,4444.1,0.0,1315.4,5908.8,77.7,30500.0,92.5,0.6
S02833,baseline,baseline,improved,baseline,baseline,mvhr,external,air_to_water,6.0,35.0,low_temp_emitters,217.46,18853.0,5.0,4.24,4444.1,0.0,1315.4,5908.8,77.7,32700.0,57.5,0.0
S05665,baseline,moderate,baseline,baseline,improved,mvhr,none,air_to_water,6.0,35.0,low_temp_emitters,220.08,19079.4,5.06,4.24,4497.4,0.0,1331.2,5979.8,77.7,30000.0,111.5,0.6
S05713,baseline,moderate,baseline,baseline,improved,mvhr,external,air_to_water,6.0,35.0,low_temp_emitters,220.08,19079.4,5.06,4.24,4497.4,0.0,1331.2,5979.8,77.7,32200.0,76.5,0.0
S05497,baseline,moderate,baseline,baseline,improved,natural,none,ground_source,6.0,35.0,low_temp_emitters,248.95,21582.8,5.73,4.77,4523.5,0.0,1339.0,6764.4,80.2,30500.0,116.5,0.6
S05545,baseline,moderate,baseline,baseline,improved,natural,external,ground_source,6.0,35.0,low_temp_emitters,248.95,21582.8,5.73,4.77,4523.5,0.0,1339.0,6764.4,80.2,32700.0,81.5,0.6
S05641,baseline,moderate,baseline,baseline,improved,mev,external,ground_source,6.0,35.0,low_temp_emitters,248.95,21582.8,5.73,4.77,4523.5,0.0,1339.0,6764.4,80.2,35200.0,71.5,0.0
S01801,baseline,baseline,baseline,triple,baseline,natural,external,ground_source,6.0,35.0,low_temp_emitters,249.53,21632.6,5.74,4.77,4534.0,0.0,1342.1,6780.0,80.2,38700.0,23.2,0.0
S01897,baseline,baseline,baseline,triple,baseline,mev,external,ground_source,6.0,35.0,low_temp_emitters,249.53,21632.6,5.74,4.77,4534.0,0.0,1342.1,6780.0,80.2,41200.0,13.2,0.0
S10561,baseline,deep,baseline,baseline,baseline,mvhr,none,air_to_water,6.0,35.0,low_temp_emitters,223.51,19377.5,5.14,4.24,4567.7,0.0,1352.0,6073.2,77.7,29500.0,110.5,0.6
S10609,baseline,deep,baseline,baseline,baseline,mvhr,external,air_to_water,6.0,35.0,low_temp_emitters,223.51,19377.5,5.14,4.24,4567.7,0.0,1352.0,6073.2,77.7,31700.0,75.5,0.0
S06337,baseline,moderate,baseline,double_low_e,improved,natural,none,air_to_water,6.0,35.0,low_temp_emitters,223.75,19398.1,5.15,4.24,4572.5,0.0,1353.5,6079.6,77.7,29500.0,103.8,0.6
S06385,baseline,moderate,baseline,double_low_e,improved,natural,external,air_to_water,6.0,35.0,low_temp_emitters,223.75,19398.1,5.15,4.24,4572.5,0.0,1353.5,6079.6,77.7,31700.0,68.8,0.0
S08065,baseline,moderate,improved,baseline,improved,natural,none,air_to_water,6.0,35.0,low_temp_emitters,224.2,19437.1,5.16,4.24,4581.7,0.0,1356.2,6091.9,77.7,27500.0,134.5,0.6
S08113,baseline,moderate,improved,baseline,improved,natural,external,air_to_water,6.0,35.0,low_temp_emitters,224.2,19437.1,5.16,4.24,4581.7,0.0,1356.2,6091.9,77.7,29700.0,99.5,0.6
S00601,baseline,baseline,baseline,baseline,deep,natural,none,ground_source,6.0,35.0,low_temp_emitters,252.53,21892.7,5.81,4.77,4588.5,0.0,1358.2,6861.5,80.2,30000.0,112.8,0.6
S00649,baseline,baseline,baseline,baseline,deep,natural,external,ground_source,6.0,35.0,low_temp_emitters,252.53,21892.7,5.81,4.77,4588.5,0.0,1358.2,6861.5,80.2,32200.0,77.8,0.0
S00745,baseline,baseline,baseline,baseline,deep,mev,external,ground_source,6.0,35.0,low_temp_emitters,252.53,21892.7,5.81,4.77,4588.5,0.0,1358.2,6861.5,80.2,34700.0,67.8,0.0
S15553,moderate,baseline,baseline,baseline,baseline,natural,none,air_to_water,6.0,35.0,low_temp_emitters,225.03,19508.6,5.18,4.24,4598.6,0.0,1361.2,6114.3,77.7,26000.0,97.5,0.6
S15601,moderate,baseline,baseline,baseline,baseline,natural,external,air_to_water,6.0,35.0,low_temp_emitters,225.03,19508.6,5.18,4.24,4598.6,0.0,1361.2,6114.3,77.7,28200.0,62.5,0.0
S15697,moderate,baseline,baseline,baseline,baseline,mev,external,air_to_water,6.0,35.0,low_temp_emitters,225.03,19508.6,5.18,4.24,4598.6,0.0,1361.2,6114.3,77.7,30700.0,52.5,0.0
S05377,baseline,moderate,baseline,baseline,baseline,mvhr,none,air_to_water,6.0,35.0,low_temp_emitters,226.26,19615.9,5.2,4.24,4623.9,0.0,1368.7,6147.9,77.7,27500.0,92.5,0.6
S05425,baseline,moderate,baseline,baseline,baseline,mvhr,external,air_to_water,6.0,35.0,low_temp_emitters,226.26,19615.9,5.2,4.24,4623.9,0.0,1368.7,6147.9,77.7,29700.0,57.5,0.0
S02065,baseline,baseline,baseline,triple,improved,natural,external,air_to_water,6.0,35.0,low_temp_emitters,228.9,19844.5,5.26,4.24,4677.8,0.0,1384.6,6219.6,77.7,32700.0,42.2,0.0
S00889,baseline,baseline,baseline,double_low_e,baseline,natural,none,ground_source,6.0,35.0,low_temp_emitters,260.32,22568.9,5.99,4.77,4730.2,0.0,1400.1,7073.4,80.2,33000.0,66.8,0.0
S00937,baseline,baseline,baseline,double_low_e,baseline,natural,external,ground_source,6.0,35.0,low_temp_emitters,260.32,22568.9,5.99,4.77,4730.2,0.0,1400.1,7073.4,80.2,35200.0,31.8,0.0
S01033,baseline,baseline,baseline,double_low_e,baseline,mev,external,ground_source,6.0,35.0,low_temp_emitters,260.32,22568.9,5.99,4.77,4730.2,0.0,1400.1,7073.4,80.2,37700.0,21.8,0.0
S02617,baseline,baseline,improved,baseline,baseline,natural,none,ground_source,6.0,35.0,low_temp_emitters,260.77,22607.9,6.0,4.77,4738.4,0.0,1402.6,7085.7,80.2,31000.0,97.5,0.6
S02665,baseline,baseline,improved,baseline,baseline,natural,external,ground_source,6.0,35.0,low_temp_emitters,260.77,22607.9,6.0,4.77,4738.4,0.0,1402.6,7085.7,80.2,33200.0,62.5,0.0
S06961,baseline,moderate,baseline,triple,baseline,natural,external,air_to_water,6.0,35.0,low_temp_emitters,233.58,20249.8,5.37,4.24,4773.3,0.0,1412.9,6346.6,77.7,32700.0,41.2,0.0
S00319,baseline,baseline,baseline,baseline,improved,natural,none,ground_source,8.0,35.0,low_temp_emitters,264.9,22965.6,6.09,4.77,4813.4,0.0,1424.8,7197.7,80.2,29600.0,98.5,0.6
S00367,baseline,baseline,baseline,baseline,improved,natural,external,ground_source,8.0,35.0,low_temp_emitters,264.9,22965.6,6.09,4.77,4813.4,0.0,1424.8,7197.7,80.2,31800.0,63.5,0.0
S00463,baseline,baseline,baseline,baseline,improved,mev,external,ground_source,8.0,35.0,low_temp_emitters,264.9,22965.6,6.09,4.77,4813.4,0.0,1424.8,7197.7,80.2,34300.0,53.5,0.0
S03505,baseline,baseline,improved,double_low_e,baseline,natural,external,air_to_water,6.0,35.0,low_temp_emitters,235.57,20423.2,5.42,4.24,4814.2,0.0,1425.0,6400.9,77.7,32200.0,49.8,0.0
S05761,baseline,moderate,baseline,baseline,deep,natural,none,air_to_water,6.0,35.0,low_temp_emitters,236.58,20509.9,5.44,4.24,4834.6,0.0,1431.1,6428.1,77.7,24000.0,130.8,0.6
S05809,baseline,moderate,baseline,baseline,deep,natural,external,air_to_water,6.0,35.0,low_temp_emitters,236.58,20509.9,5.44,4.24,4834.6,0.0,1431.1,6428.1,77.7,26200.0,95.8,0.6
S05215,baseline,moderate,baseline,baseline,baseline,natural,none,ground_source,8.0,35.0,low_temp_emitters,269.58,23370.9,6.2,4.77,4898.3,0.0,1449.9,7324.8,80.2,29600.0,97.5,0.6
S05263,baseline,moderate,baseline,baseline,baseline,natural,external,ground_source,8.0,35.0,low_temp_emitters,269.58,23370.9,6.2,4.77,4898.3,0.0,1449.9,7324.8,80.2,31800.0,62.5,0.0
S05359,baseline,moderate,baseline,baseline,baseline,mev,external,ground_source,8.0,35.0,low_temp_emitters,269.58,23370.9,6.2,4.77,4898.3,0.0,1449.9,7324.8,80.2,34300.0,52.5,0.0
S01153,baseline,baseline,baseline,double_low_e,improved,natural,none,air_to_water,6.0,35.0,low_temp_emitters,239.7,20780.8,5.51,4.24,4898.5,0.0,1450.0,6513.0,77.7,27000.0,85.8,0.6
S01201,baseline,baseline,baseline,double_low_e,improved,natural,external,air_to_water,6.0,35.0,low_temp_emitters,239.7,20780.8,5.51,4.24,4898.5,0.0,1450.0,6513.0,77.7,29200.0,50.8,0.0
S01297,baseline,baseline,baseline,double_low_e,improved,mev,external,air_to_water,6.0,35.0,low_temp_emitters,239.7,20780.8,5.51,4.24,4898.5,0.0,1450.0,6513.0,77.7,31700.0,40.8,0.0
S02881,baseline,baseline,improved,baseline,improved,natural,none,air_to_water,6.0,35.0,low_temp_emitters,240.15,20819.9,5.52,4.24,4907.7,0.0,1452.7,6525.2,77.7,25000.0,116.5,0.6
S02929,baseline,baseline,improved,baseline,improved,natural,external,air_to_water,6.0,35.0,low_temp_emitters,240.15,20819.9,5.52,4.24,4907.7,0.0,1452.7,6525.2,77.7,27200.0,81.5,0.6
S00313,baseline,baseline,baseline,baseline,improved,natural,none,ground_source,6.0,35.0,low_temp_emitters,264.9,22965.6,6.09,4.77,4910.0,122.3,1453.4,7197.7,79.8,28000.0,98.5,1.4
S00361,baseline,baseline,baseline,baseline,improved,natural,external,ground_source,6.0,35.0,low_temp_emitters,264.9,22965.6,6.09,4.77,4910.0,122.3,1453.4,7197.7,79.8,30200.0,63.5,0.8
S00457,baseline,baseline,baseline,baseline,improved,mev,external,ground_source,6.0,35.0,low_temp_emitters,264.9,22965.6,6.09,4.77,4910.0,122.3,1453.4,7197.7,79.8,32700.0,53.5,0.8
S00193,baseline,baseline,baseline,baseline,baseline,mvhr,none,air_to_water,6.0,35.0,low_temp_emitters,242.21,20998.7,5.57,4.24,4949.8,0.0,1465.2,6581.3,77.7,25000.0,74.5,0.0
S00241,baseline,baseline,baseline,baseline,baseline,mvhr,external,air_to_water,6.0,35.0,low_temp_emitters,242.21,20998.7,5.57,4.24,4949.8,0.0,1465.2,6581.3,77.7,27200.0,39.5,0.0
S05473,baseline,moderate,baseline,baseline,improved,natural,none,air_to_water,6.0,35.0,low_temp_emitters,248.95,21582.8,5.73,4.24,5087.5,0.0,1505.9,6764.4,77.7,22000.0,116.5,0.6
S05521,baseline,moderate,baseline,baseline,improved,natural,external,air_to_water,6.0,35.0,low_temp_emitters,248.95,21582.8,5.73,4.24,5087.5,0.0,1505.9,6764.4,77.7,24200.0,81.5,0.6
S05617,baseline,moderate,baseline,baseline,improved,mev,external,air_to_water,6.0,35.0,low_temp_emitters,248.95,21582.8,5.73,4.24,5087.5,0.0,1505.9,6764.4,77.7,26700.0,71.5,0.0
S01777,baseline,baseline,baseline,triple,baseline,natural,external,air_to_water,6.0,35.0,low_temp_emitters,249.53,21632.6,5.74,4.24,5099.3,0.0,1509.4,6780.0,77.7,30200.0,23.2,0.0
S01873,baseline,baseline,baseline,triple,baseline,mev,external,air_to_water,6.0,35.0,low_temp_emitters,249.53,21632.6,5.74,4.24,5099.3,0.0,1509.4,6780.0,77.7,32700.0,13.2,0.0
S05209,baseline,moderate,baseline,baseline,baseline,natural,none,ground_source,6.0,35.0,low_temp_emitters,269.58,23370.9,6.2,4.77,5107.1,264.2,1511.7,7324.8,79.4,28000.0,97.5,1.4
S05257,baseline,moderate,baseline,baseline,baseline,natural,external,ground_source,6.0,35.0,low_temp_emitters,269.58,23370.9,6.2,4.77,5107.1,264.2,1511.7,7324.8,79.4,30200.0,62.5,0.8
S05353,baseline,moderate,baseline,baseline,baseline,mev,external,ground_source,6.0,35.0,low_temp_emitters,269.58,23370.9,6.2,4.77,5107.1,264.2,1511.7,7324.8,79.4,32700.0,52.5,0.8
S00577,baseline,baseline,baseline,baseline,deep,natural,none,air_to_water,6.0,35.0,low_temp_emitters,252.53,21892.7,5.81,4.24,5160.6,0.0,1527.5,6861.5,77.7,21500.0,112.8,0.6
S00625,baseline,baseline,baseline,baseline,deep,natural,external,air_to_water,6.0,35.0,low_temp_emitters,252.53,21892.7,5.81,4.24,5160.6,0.0,1527.5,6861.5,77.7,23700.0,77.8,0.0
S00721,baseline,baseline,baseline,baseline,deep,mev,external,air_to_water,6.0,35.0,low_temp_emitters,252.53,21892.7,5.81,4.24,5160.6,0.0,1527.5,6861.5,77.7,26200.0,67.8,0.0
S00031,baseline,baseline,baseline,baseline,baseline,natural,none,ground_source,8.0,35.0,low_temp_emitters,285.52,24753.6,6.57,4.77,5188.1,0.0,1535.7,7758.2,80.2,27100.0,79.5,0.0
S00079,baseline,baseline,baseline,baseline,baseline,natural,external,ground_source,8.0,35.0,low_temp_emitters,285.52,24753.6,6.57,4.77,5188.1,0.0,1535.7,7758.2,80.2,29300.0,44.5,0.0
S00175,baseline,baseline,baseline,baseline,baseline,mev,external,ground_source,8.0,35.0,low_temp_emitters,285.52,24753.6,6.57,4.77,5188.1,0.0,1535.7,7758.2,80.2,31800.0,34.5,0.0
S00865,baseline,baseline,baseline,double_low_e,baseline,natural,none,air_to_water,6.0,35.0,low_temp_emitters,260.32,22568.9,5.99,4.24,5320.0,0.0,1574.7,7073.4,77.7,24500.0,66.8,0.0
S00913,baseline,baseline,baseline,double_low_e,baseline,natural,external,air_to_water,6.0,35.0,low_temp_emitters,260.32,22568.9,5.99,4.24,5320.0,0.0,1574.7,7073.4,77.7,26700.0,31.8,0.0
S01009,baseline,baseline,baseline,double_low_e,baseline,mev,external,air_to_water,6.0,35.0,low_temp_emitters,260.32,22568.9,5.99,4.24,5320.0,0.0,1574.7,7073.4,77.7,29200.0,21.8,0.0
S02593,baseline,baseline,improved,baseline,baseline,natural,none,air_to_water,6.0,35.0,low_temp_emitters,260.77,22607.9,6.0,4.24,5329.2,0.0,1577.4,7085.7,77.7,22500.0,97.5,0.6
S02641,baseline,baseline,improved,baseline,baseline,natural,external,air_to_water,6.0,35.0,low_temp_emitters,260.77,22607.9,6.0,4.24,5329.2,0.0,1577.4,7085.7,77.7,24700.0,62.5,0.0
S00295,baseline,baseline,baseline,baseline,improved,natural,none,air_to_water,8.0,35.0,low_temp_emitters,264.9,22965.6,6.09,4.24,5413.5,0.0,1602.4,7197.7,77.7,20400.0,98.5,0.6
S00343,baseline,baseline,baseline,baseline,improved,natural,external,air_to_water,8.0,35.0,low_temp_emitters,264.9,22965.6,6.09,4.24,5413.5,0.0,1602.4,7197.7,77.7,22600.0,63.5,0.0
S00439,baseline,baseline,baseline,baseline,improved,mev,external,air_to_water,8.0,35.0,low_temp_emitters,264.9,22965.6,6.09,4.24,5413.5,0.0,1602.4,7197.7,77.7,25100.0,53.5,0.0
S00289,baseline,baseline,baseline,baseline,improved,natural,none,air_to_water,6.0,35.0,low_temp_emitters,264.9,22965.6,6.09,4.24,5507.0,122.3,1630.1,7197.7,77.4,19500.0,98.5,1.4
S00337,baseline,baseline,baseline,baseline,improved,natural,external,air_to_water,6.0,35.0,low_temp_emitters,264.9,22965.6,6.09,4.24,5507.0,122.3,1630.1,7197.7,77.4,21700.0,63.5,0.8
S00433,baseline,baseline,baseline,baseline,improved,mev,external,air_to_water,6.0,35.0,low_temp_emitters,264.9,22965.6,6.09,4.24,5507.0,122.3,1630.1,7197.7,77.4,24200.0,53.5,0.8
S05191,baseline,moderate,baseline,baseline,baseline,natural,none,air_to_water,8.0,35.0,low_temp_emitters,269.58,23370.9,6.2,4.24,5509.0,0.0,1630.7,7324.8,77.7,20400.0,97.5,0.6
S05239,baseline,moderate,baseline,baseline,baseline,natural,external,air_to_water,8.0,35.0,low_temp_emitters,269.58,23370.9,6.2,4.24,5509.0,0.0,1630.7,7324.8,77.7,22600.0,62.5,0.0
S05335,baseline,moderate,baseline,baseline,baseline,mev,external,air_to_water,8.0,35.0,low_temp_emitters,269.58,23370.9,6.2,4.24,5509.0,0.0,1630.7,7324.8,77.7,25100.0,52.5,0.0
S05185,baseline,moderate,baseline,baseline,baseline,natural,none,air_to_water,6.0,35.0,low_temp_emitters,269.58,23370.9,6.2,4.24,5710.9,264.2,1690.4,7324.8,76.9,19500.0,97.5,1.4
S05233,baseline,moderate,baseline,baseline,baseline,natural,external,air_to_water,6.0,35.0,low_temp_emitters,269.58,23370.9,6.2,4.24,5710.9,264.2,1690.4,7324.8,76.9,21700.0,62.5,0.8
S05329,baseline,moderate,baseline,baseline,baseline,mev,external,air_to_water,6.0,35.0,low_temp_emitters,269.58,23370.9,6.2,4.24,5710.9,264.2,1690.4,7324.8,76.9,24200.0,52.5,0.8
S00025,baseline,baseline,baseline,baseline,baseline,natural,none,ground_source,6.0,35.0,low_temp_emitters,285.52,24753.6,6.57,4.77,5779.4,748.1,1710.7,7758.2,77.9,25500.0,79.5,0.8
S00073,baseline,baseline,baseline,baseline,baseline,natural,external,ground_source,6.0,35.0,low_temp_emitters,285.52,24753.6,6.57,4.77,5779.4,748.1,1710.7,7758.2,77.9,27700.0,44.5,0.8
S00169,baseline,baseline,baseline,baseline,baseline,mev,external,ground_source,6.0,35.0,low_temp_emitters,285.52,24753.6,6.57,4.77,5779.4,748.1,1710.7,7758.2,77.9,30200.0,34.5,0.8
S00007,baseline,baseline,baseline,baseline,baseline,natural,none,air_to_water,8.0,35.0,low_temp_emitters,285.52,24753.6,6.57,4.24,5835.0,0.0,1727.2,7758.2,77.7,17900.0,79.5,0.0
S00055,baseline,baseline,baseline,baseline,baseline,natural,external,air_to_water,8.0,35.0,low_temp_emitters,285.52,24753.6,6.57,4.24,5835.0,0.0,1727.2,7758.2,77.7,20100.0,44.5,0.0
S00151,baseline,baseline,baseline,baseline,baseline,mev,external,air_to_water,8.0,35.0,low_temp_emitters,285.52,24753.6,6.57,4.24,5835.0,0.0,1727.2,7758.2,77.7,22600.0,34.5,0.0
S00001,baseline,baseline,baseline,baseline,baseline,natural,none,air_to_water,6.0,35.0,low_temp_emitters,285.52,24753.6,6.57,4.24,6406.8,748.1,1896.4,7758.2,75.6,17000.0,79.5,0.8
S00049,baseline,baseline,baseline,baseline,baseline,natural,external,air_to_water,6.0,35.0,low_temp_emitters,285.52,24753.6,6.57,4.24,6406.8,748.1,1896.4,7758.2,75.6,19200.0,44.5,0.8
S00145,baseline,baseline,baseline,baseline,baseline,mev,external,air_to_water,6.0,35.0,low_temp_emitters,285.52,24753.6,6.57,4.24,6406.8,748.1,1896.4,7758.2,75.6,21700.0,34.5,0.8
S01972,baseline,baseline,baseline,triple,baseline,mvhr,external,air_to_water,6.0,55.0,existing_radiators,206.21,17877.6,4.74,2.73,6537.7,0.0,1935.2,5603.1,65.5,29700.0,18.2,1.8
S01778,baseline,baseline,baseline,triple,baseline,natural,external,air_to_water,6.0,45.0,oversized_radiators,249.53,21632.6,5.74,3.3,6552.1,0.0,1939.4,6780.0,71.4,26200.0,23.2,0.0
S01874,baseline,baseline,baseline,triple,baseline,mev,external,air_to_water,6.0,45.0,oversized_radiators,249.53,21632.6,5.74,3.3,6552.1,0.0,1939.4,6780.0,71.4,28700.0,13.2,0.0
S00914,baseline,baseline,baseline,double_low_e,baseline,natural,external,air_to_water,6.0,45.0,oversized_radiators,260.32,22568.9,5.99,3.3,6835.7,0.0,2023.4,7073.4,71.4,22700.0,31.8,0.0
S01010,baseline,baseline,baseline,double_low_e,baseline,mev,external,air_to_water,6.0,45.0,oversized_radiators,260.32,22568.9,5.99,3.3,6835.7,0.0,2023.4,7073.4,71.4,25200.0,21.8,0.0
S00296,baseline,baseline,baseline,baseline,improved,natural,none,air_to_water,8.0,45.0,oversized_radiators,264.9,22965.6,6.09,3.3,6955.8,0.0,2058.9,7197.7,71.4,16400.0,98.5,0.6
S00344,baseline,baseline,baseline,baseline,improved,natural,external,air_to_water,8.0,45.0,oversized_radiators,264.9,22965.6,6.09,3.3,6955.8,0.0,2058.9,7197.7,71.4,18600.0,63.5,0.0
S00290,baseline,baseline,baseline,baseline,improved,natural,none,air_to_water,6.0,45.0,oversized_radiators,264.9,22965.6,6.09,3.3,7041.1,122.3,2084.2,7197.7,71.0,15500.0,98.5,1.4
S00338,baseline,baseline,baseline,baseline,improved,natural,external,air_to_water,6.0,45.0,oversized_radiators,264.9,22965.6,6.09,3.3,7041.1,122.3,2084.2,7197.7,71.0,17700.0,63.5,0.8
S05192,baseline,moderate,baseline,baseline,baseline,natural,none,air_to_water,8.0,45.0,oversized_radiators,269.58,23370.9,6.2,3.3,7078.6,0.0,2095.3,7324.8,71.4,16400.0,97.5,0.6
S05240,baseline,moderate,baseline,baseline,baseline,natural,external,air_to_water,8.0,45.0,oversized_radiators,269.58,23370.9,6.2,3.3,7078.6,0.0,2095.3,7324.8,71.4,18600.0,62.5,0.0
S05186,baseline,moderate,baseline,baseline,baseline,natural,none,air_to_water,6.0,45.0,oversized_radiators,269.58,23370.9,6.2,3.3,7262.7,264.2,2149.8,7324.8,70.7,15500.0,97.5,1.4
S05234,baseline,moderate,baseline,baseline,baseline,natural,external,air_to_water,6.0,45.0,oversized_radiators,269.58,23370.9,6.2,3.3,7262.7,264.2,2149.8,7324.8,70.7,17700.0,62.5,0.8
S00008,baseline,baseline,baseline,baseline,baseline,natural,none,air_to_water,8.0,45.0,oversized_radiators,285.52,24753.6,6.57,3.3,7497.4,0.0,2219.2,7758.2,71.4,13900.0,79.5,0.0
S00056,baseline,baseline,baseline,baseline,baseline,natural,external,air_to_water,8.0,45.0,oversized_radiators,285.52,24753.6,6.57,3.3,7497.4,0.0,2219.2,7758.2,71.4,16100.0,44.5,0.0
S00152,baseline,baseline,baseline,baseline,baseline,mev,external,air_to_water,8.0,45.0,oversized_radiators,285.52,24753.6,6.57,3.3,7497.4,0.0,2219.2,7758.2,71.4,18600.0,34.5,0.0
S05476,baseline,moderate,baseline,baseline,improved,natural,none,air_to_water,6.0,55.0,existing_radiators,248.95,21582.8,5.73,2.73,7892.7,0.0,2336.2,6764.4,65.5,13500.0,116.5,2.4
S01780,baseline,baseline,baseline,triple,baseline,natural,external,air_to_water,6.0,55.0,existing_radiators,249.53,21632.6,5.74,2.73,7910.9,0.0,2341.6,6780.0,65.5,21700.0,23.2,1.8
S01876,baseline,baseline,baseline,triple,baseline,mev,external,air_to_water,6.0,55.0,existing_radiators,249.53,21632.6,5.74,2.73,7910.9,0.0,2341.6,6780.0,65.5,24200.0,13.2,1.8
S00580,baseline,baseline,baseline,baseline,deep,natural,none,air_to_water,6.0,55.0,existing_radiators,252.53,21892.7,5.81,2.73,8006.0,0.0,2369.8,6861.5,65.5,13000.0,112.8,2.4
S00628,baseline,baseline,baseline,baseline,deep,natural,external,air_to_water,6.0,55.0,existing_radiators,252.53,21892.7,5.81,2.73,8006.0,0.0,2369.8,6861.5,65.5,15200.0,77.8,1.8
S00002,baseline,baseline,baseline,baseline,baseline,natural,none,air_to_water,6.0,45.0,oversized_radiators,285.52,24753.6,6.57,3.3,8018.9,748.1,2373.6,7758.2,69.4,13000.0,79.5,0.8
S00050,baseline,baseline,baseline,baseline,baseline,natural,external,air_to_water,6.0,45.0,oversized_radiators,285.52,24753.6,6.57,3.3,8018.9,748.1,2373.6,7758.2,69.4,15200.0,44.5,0.8
S00146,baseline,baseline,baseline,baseline,baseline,mev,external,air_to_water,6.0,45.0,oversized_radiators,285.52,24753.6,6.57,3.3,8018.9,748.1,2373.6,7758.2,69.4,17700.0,34.5,0.8
S00916,baseline,baseline,baseline,double_low_e,baseline,natural,external,air_to_water,6.0,55.0,existing_radiators,260.32,22568.9,5.99,2.73,8253.3,0.0,2443.0,7073.4,65.5,18200.0,31.8,1.8
S01012,baseline,baseline,baseline,double_low_e,baseline,mev,external,air_to_water,6.0,55.0,existing_radiators,260.32,22568.9,5.99,2.73,8253.3,0.0,2443.0,7073.4,65.5,20700.0,21.8,1.8
S00298,baseline,baseline,baseline,baseline,improved,natural,none,air_to_water,8.0,55.0,existing_radiators,264.9,22965.6,6.09,2.73,8398.3,0.0,2485.9,7197.7,65.5,11900.0,98.5,2.4
S00346,baseline,baseline,baseline,baseline,improved,natural,external,air_to_water,8.0,55.0,existing_radiators,264.9,22965.6,6.09,2.73,8398.3,0.0,2485.9,7197.7,65.5,14100.0,63.5,1.8
S00292,baseline,baseline,baseline,baseline,improved,natural,none,air_to_water,6.0,55.0,existing_radiators,264.9,22965.6,6.09,2.73,8475.9,122.3,2508.9,7197.7,65.1,11000.0,98.5,3.2
S00340,baseline,baseline,baseline,baseline,improved,natural,external,air_to_water,6.0,55.0,existing_radiators,264.9,22965.6,6.09,2.73,8475.9,122.3,2508.9,7197.7,65.1,13200.0,63.5,2.6
S05194,baseline,moderate,baseline,baseline,baseline,natural,none,air_to_water,8.0,55.0,existing_radiators,269.58,23370.9,6.2,2.73,8546.5,0.0,2529.8,7324.8,65.5,11900.0,97.5,2.4
S05242,baseline,moderate,baseline,baseline,baseline,natural,external,air_to_water,8.0,55.0,existing_radiators,269.58,23370.9,6.2,2.73,8546.5,0.0,2529.8,7324.8,65.5,14100.0,62.5,1.8
S05188,baseline,moderate,baseline,baseline,baseline,natural,none,air_to_water,6.0,55.0,existing_radiators,269.58,23370.9,6.2,2.73,8714.1,264.2,2579.4,7324.8,64.8,11000.0,97.5,3.2
S05236,baseline,moderate,baseline,baseline,baseline,natural,external,air_to_water,6.0,55.0,existing_radiators,269.58,23370.9,6.2,2.73,8714.1,264.2,2579.4,7324.8,64.8,13200.0,62.5,2.6
S00010,baseline,baseline,baseline,baseline,baseline,natural,none,air_to_water,8.0,55.0,existing_radiators,285.52,24753.6,6.57,2.73,9052.2,0.0,2679.5,7758.2,65.5,9400.0,79.5,1.8
S00058,baseline,baseline,baseline,baseline,baseline,natural,external,air_to_water,8.0,55.0,existing_radiators,285.52,24753.6,6.57,2.73,9052.2,0.0,2679.5,7758.2,65.5,11600.0,44.5,1.8
S00154,baseline,baseline,baseline,baseline,baseline,mev,external,air_to_water,8.0,55.0,existing_radiators,285.52,24753.6,6.57,2.73,9052.2,0.0,2679.5,7758.2,65.5,14100.0,34.5,1.8
S00004,baseline,baseline,baseline,baseline,baseline,natural,none,air_to_water,6.0,55.0,existing_radiators,285.52,24753.6,6.57,2.73,9526.8,748.1,2819.9,7758.2,63.7,8500.0,79.5,2.6
S00052,baseline,baseline,baseline,baseline,baseline,natural,external,air_to_water,6.0,55.0,existing_radiators,285.52,24753.6,6.57,2.73,9526.8,748.1,2819.9,7758.2,63.7,10700.0,44.5,2.6
S00148,baseline,baseline,baseline,baseline,baseline,mev,external,air_to_water,6.0,55.0,existing_radiators,285.52,24753.6,6.57,2.73,9526.8,748.1,2819.9,7758.2,63.7,13200.0,34.5,2.6
